stage,arm,variant,panel,pairs,positive,negative,ap,auroc
assay_aware,all_inactive,assay,ACTIVITY_EC50,11957.0,8543.0,3414.0,0.9584356105320276,0.9197455007980465
assay_aware,all_inactive,assay,ACTIVITY_IC50,85704.0,65173.0,20531.0,0.9774692988204104,0.9422712179269226
assay_aware,all_inactive,assay,AFFINITY_KD_KI,34327.0,23190.0,11137.0,0.8956364942907081,0.8419195686727803
assay_aware,all_inactive,assay,ALL_ENDPOINT_UNION,132331.0,93249.0,39082.0,0.9504204321623733,0.9081915396074726
assay_aware,all_inactive,balanced,ACTIVITY_EC50,11957.0,8543.0,3414.0,0.9613833916576441,0.9210961694110109
assay_aware,all_inactive,balanced,ACTIVITY_IC50,85704.0,65173.0,20531.0,0.9789888999855932,0.9425127977828613
assay_aware,all_inactive,balanced,AFFINITY_KD_KI,34327.0,23190.0,11137.0,0.8983561394776297,0.8379429835340061
assay_aware,all_inactive,balanced,ALL_ENDPOINT_UNION,132331.0,93249.0,39082.0,0.9535305640787294,0.9089660316992907
assay_aware,all_inactive,regression,ACTIVITY_EC50,11957.0,8543.0,3414.0,0.9626843171188435,0.9243337911069044
assay_aware,all_inactive,regression,ACTIVITY_IC50,85704.0,65173.0,20531.0,0.9791680417086871,0.9446555570469526
assay_aware,all_inactive,regression,AFFINITY_KD_KI,34327.0,23190.0,11137.0,0.9053085025212942,0.8468078645836702
assay_aware,all_inactive,regression,ALL_ENDPOINT_UNION,132331.0,93249.0,39082.0,0.9540772883089584,0.9112488471257477
assay_aware,all_inactive,rotate150,ACTIVITY_EC50,11957.0,8543.0,3414.0,0.9501346950502357,0.9087444146629902
assay_aware,all_inactive,rotate150,ACTIVITY_IC50,85704.0,65173.0,20531.0,0.9724337588814582,0.9325569777848489
assay_aware,all_inactive,rotate150,AFFINITY_KD_KI,34327.0,23190.0,11137.0,0.8748293556626358,0.8187738152252728
assay_aware,all_inactive,rotate150,ALL_ENDPOINT_UNION,132331.0,93249.0,39082.0,0.9392182006841271,0.8933999174775783
assay_aware,kdki_inactive,adapt_from_B,ACTIVITY_EC50,11957.0,8543.0,3414.0,0.9496422057830428,0.9026142215004637
assay_aware,kdki_inactive,adapt_from_B,ACTIVITY_IC50,85704.0,65173.0,20531.0,0.9717459987204103,0.9302172460520258
assay_aware,kdki_inactive,adapt_from_B,AFFINITY_KD_KI,34327.0,23190.0,11137.0,0.9077744200202092,0.8533127825104119
assay_aware,kdki_inactive,adapt_from_B,ALL_ENDPOINT_UNION,132331.0,93249.0,39082.0,0.9449205790945001,0.8996255879861671
assay_aware,kdki_inactive,assay,ACTIVITY_EC50,11957.0,8543.0,3414.0,0.8417554442363357,0.6957535232530208
assay_aware,kdki_inactive,assay,ACTIVITY_IC50,85704.0,65173.0,20531.0,0.868456595753289,0.7023252260302032
assay_aware,kdki_inactive,assay,AFFINITY_KD_KI,34327.0,23190.0,11137.0,0.9387092698845624,0.8901520872924946
assay_aware,kdki_inactive,assay,ALL_ENDPOINT_UNION,132331.0,93249.0,39082.0,0.868831348770941,0.7554072418645519
assay_aware,kdki_inactive,balanced,ACTIVITY_EC50,11957.0,8543.0,3414.0,0.8289814911022418,0.6814659454018557
assay_aware,kdki_inactive,balanced,ACTIVITY_IC50,85704.0,65173.0,20531.0,0.8592914511179047,0.6885826954124837
assay_aware,kdki_inactive,balanced,AFFINITY_KD_KI,34327.0,23190.0,11137.0,0.9353988824636236,0.8928656372953735
assay_aware,kdki_inactive,balanced,ALL_ENDPOINT_UNION,132331.0,93249.0,39082.0,0.8596614616175803,0.7448414870322141
assay_aware,kdki_inactive,continue_A,ACTIVITY_EC50,11957.0,8543.0,3414.0,0.8381692272914895,0.6900626059702843
assay_aware,kdki_inactive,continue_A,ACTIVITY_IC50,85704.0,65173.0,20531.0,0.865327717162052,0.6976987185629652
assay_aware,kdki_inactive,continue_A,AFFINITY_KD_KI,34327.0,23190.0,11137.0,0.9367665969729883,0.8886126315335979
assay_aware,kdki_inactive,continue_A,ALL_ENDPOINT_UNION,132331.0,93249.0,39082.0,0.865132875676275,0.7512180690560357
assay_aware,kdki_inactive,regression,ACTIVITY_EC50,11957.0,8543.0,3414.0,0.8354396549062398,0.6899078470966328
assay_aware,kdki_inactive,regression,ACTIVITY_IC50,85704.0,65173.0,20531.0,0.8703387250336122,0.7080408448667089
assay_aware,kdki_inactive,regression,AFFINITY_KD_KI,34327.0,23190.0,11137.0,0.9262550968445642,0.875451760141432
assay_aware,kdki_inactive,regression,ALL_ENDPOINT_UNION,132331.0,93249.0,39082.0,0.8634962605361377,0.7515618021726467
assay_aware,kdki_inactive,rotate150,ACTIVITY_EC50,11957.0,8543.0,3414.0,0.8193211731331012,0.6713104043335867
assay_aware,kdki_inactive,rotate150,ACTIVITY_IC50,85704.0,65173.0,20531.0,0.8580144163961664,0.6865563117478781
assay_aware,kdki_inactive,rotate150,AFFINITY_KD_KI,34327.0,23190.0,11137.0,0.9236242936422254,0.8803521230203741
assay_aware,kdki_inactive,rotate150,ALL_ENDPOINT_UNION,132331.0,93249.0,39082.0,0.8552923467163639,0.7422882957743965
fixed_6000,all_inactive,binary,ACTIVITY_EC50,11957.0,8543.0,3414.0,0.9617080166220294,0.9247441404148599
fixed_6000,all_inactive,binary,ACTIVITY_IC50,85704.0,65173.0,20531.0,0.9805058910488665,0.946529754619594
fixed_6000,all_inactive,binary,AFFINITY_KD_KI,34327.0,23190.0,11137.0,0.9087139780524981,0.8494039082985804
fixed_6000,all_inactive,binary,ALL_ENDPOINT_UNION,132331.0,93249.0,39082.0,0.9579541101735174,0.9162671936367137
fixed_6000,kdki_inactive,binary,ACTIVITY_EC50,11957.0,8543.0,3414.0,0.8285507962418778,0.6833629159246161
fixed_6000,kdki_inactive,binary,ACTIVITY_IC50,85704.0,65173.0,20531.0,0.8592487988545535,0.6918522810271055
fixed_6000,kdki_inactive,binary,AFFINITY_KD_KI,34327.0,23190.0,11137.0,0.9356757986146437,0.8873616943414472
fixed_6000,kdki_inactive,binary,ALL_ENDPOINT_UNION,132331.0,93249.0,39082.0,0.8568375121912969,0.7422987263283479
legacy,legacy,mean_logits,ACTIVITY_EC50,11957.0,8543.0,3414.0,0.7863777473097113,0.5877853796031394
legacy,legacy,mean_logits,ACTIVITY_IC50,85704.0,65173.0,20531.0,0.9171178743359969,0.7841716460622044
legacy,legacy,mean_logits,AFFINITY_KD_KI,34327.0,23190.0,11137.0,0.8884596473624777,0.7914427366125673
legacy,legacy,mean_logits,ALL_ENDPOINT_UNION,132331.0,93249.0,39082.0,0.9014099266291904,0.7997515467622556
multitask,all_inactive,binary,ACTIVITY_EC50,11957.0,8543.0,3414.0,0.9633638587620402,0.9290193642997827
multitask,all_inactive,binary,ACTIVITY_IC50,85704.0,65173.0,20531.0,0.9823944289903163,0.9511029222012802
multitask,all_inactive,binary,AFFINITY_KD_KI,34327.0,23190.0,11137.0,0.917034670291831,0.8623364146273982
multitask,all_inactive,binary,ALL_ENDPOINT_UNION,132331.0,93249.0,39082.0,0.9613064287539602,0.9225065741982976
multitask,all_inactive,joint,ACTIVITY_EC50,11957.0,8543.0,3414.0,0.9625616621712321,0.9258837799145726
multitask,all_inactive,joint,ACTIVITY_IC50,85704.0,65173.0,20531.0,0.9798671135230369,0.9471093234399403
multitask,all_inactive,joint,AFFINITY_KD_KI,34327.0,23190.0,11137.0,0.915149164198191,0.8603248009111604
multitask,all_inactive,joint,ALL_ENDPOINT_UNION,132331.0,93249.0,39082.0,0.957432646260952,0.9172589180805023
multitask,all_inactive,rank,ACTIVITY_EC50,11957.0,8543.0,3414.0,0.9629152162943306,0.9264862834905072
multitask,all_inactive,rank,ACTIVITY_IC50,85704.0,65173.0,20531.0,0.9811433582528969,0.948993655035309
multitask,all_inactive,rank,AFFINITY_KD_KI,34327.0,23190.0,11137.0,0.9152911026719709,0.8674814125519622
multitask,all_inactive,rank,ALL_ENDPOINT_UNION,132331.0,93249.0,39082.0,0.9563775273984799,0.9169334288294185
multitask,all_inactive,regression,ACTIVITY_EC50,11957.0,8543.0,3414.0,0.9646325514258852,0.9277840362490289
multitask,all_inactive,regression,ACTIVITY_IC50,85704.0,65173.0,20531.0,0.9810797754361334,0.9485715394826774
multitask,all_inactive,regression,AFFINITY_KD_KI,34327.0,23190.0,11137.0,0.9159388110310762,0.8587557175480999
multitask,all_inactive,regression,ALL_ENDPOINT_UNION,132331.0,93249.0,39082.0,0.9604430753144455,0.9205285979718908
multitask,kdki_inactive,binary,ACTIVITY_EC50,11957.0,8543.0,3414.0,0.8353236019429578,0.686419103670342
multitask,kdki_inactive,binary,ACTIVITY_IC50,85704.0,65173.0,20531.0,0.8636428960178746,0.6944002542220743
multitask,kdki_inactive,binary,AFFINITY_KD_KI,34327.0,23190.0,11137.0,0.9555030741111114,0.9151169231060322
multitask,kdki_inactive,binary,ALL_ENDPOINT_UNION,132331.0,93249.0,39082.0,0.8748644413646073,0.7610305070430572
multitask,kdki_inactive,joint,ACTIVITY_EC50,11957.0,8543.0,3414.0,0.8329326608146951,0.6808391553916467
multitask,kdki_inactive,joint,ACTIVITY_IC50,85704.0,65173.0,20531.0,0.8677126788819732,0.691901119144597
multitask,kdki_inactive,joint,AFFINITY_KD_KI,34327.0,23190.0,11137.0,0.9468223680616027,0.903524356167336
multitask,kdki_inactive,joint,ALL_ENDPOINT_UNION,132331.0,93249.0,39082.0,0.869376360688753,0.7495845354906222
multitask,kdki_inactive,rank,ACTIVITY_EC50,11957.0,8543.0,3414.0,0.8355438748442138,0.6873068328448503
multitask,kdki_inactive,rank,ACTIVITY_IC50,85704.0,65173.0,20531.0,0.8645396585532495,0.695946405034021
multitask,kdki_inactive,rank,AFFINITY_KD_KI,34327.0,23190.0,11137.0,0.9286203860281527,0.8847988720563107
multitask,kdki_inactive,rank,ALL_ENDPOINT_UNION,132331.0,93249.0,39082.0,0.860390148619295,0.7474185108408413
multitask,kdki_inactive,regression,ACTIVITY_EC50,11957.0,8543.0,3414.0,0.8348606363396073,0.685912351504455
multitask,kdki_inactive,regression,ACTIVITY_IC50,85704.0,65173.0,20531.0,0.8698194675030749,0.7013864325104358
multitask,kdki_inactive,regression,AFFINITY_KD_KI,34327.0,23190.0,11137.0,0.945573734571855,0.9028962898077492
multitask,kdki_inactive,regression,ALL_ENDPOINT_UNION,132331.0,93249.0,39082.0,0.8733610689638085,0.7595179295062217
