target_feature_index,sequence_sha256,length,selected_actual_residues,pocket_union_residues,selected_pocket_residues,full_mean_coverage
0,850aba8ba2a5e1681e7e3dbc08958a52248c816c95be57b749d282e591253998,605,96,0,0,605
1,4e4075bd902760c9a35050c66dbe273ad1a4cf0dcf8ac68d3858465b0f757cf7,574,96,69,69,574
2,b752efca239d6c441dadf5c0a7bb5e4a9500b78108fb7bafa7604d2ee58898cc,1104,96,71,71,1104
3,4b73868ce025017dbd7dc7c6e3d898657ae4faf8dd559c654aec1cb4c86901db,966,96,41,41,966
4,39ad43cf31421ee66dcea16ed6c270c50e9b75b9984e56a6806f208b39ce4fe8,606,96,58,58,606
5,45ea878aa8f308e6bac27bbe1c4e2dfa0945622116e9bc1f92526df3e6a9bc72,578,96,129,96,578
6,9c3188b073b9e98d1564288ad72c38251639f58ffa45500df86cfcc08355c99f,1203,96,46,46,1203
7,b2c990ba31b043f2e3029746535efd35e18656597c027a86068758bb928430d4,461,96,85,85,461
8,87dbdcd6bb922f6c07c087bedb6707d8d54078cc3912c82ea227236f19974349,564,96,95,95,564
9,7756423b3cb4a3ce6ad2f3dba705c7a6aa3804e8306021e09b6040c2b2f4a110,898,96,64,64,898
10,f4530393413bef6fed4161594ee08a4d063a4dcbc1b9ce61a747fd299e1ee5de,563,96,63,63,563
11,2d18ac9566390f8e8a70ccbb95841c3aa5c4e4c5fd088d59fd7e1ac28d693c44,542,96,69,69,542
12,dbd82d02d7916602a7d14fb2d0202917b489aaff347393d7bc526bb025176d83,1970,96,61,61,1970
13,bc397cc8eb78693a226a23c89a09eb3c0054deef0ef8c9cae74b11a491fad1df,870,96,51,51,870
14,3e723e9b939c852d117a2a4862213f89c492ff4b6056a25176e677a8fd066a27,491,96,39,39,491
15,fa554cc87a32d58ec860310b47bd8ba0682f5a1f4dee892685283f4289b12e2e,765,96,0,0,765
16,6162b17907607d9b41ec56d5672c104c2596dc26c9f5638e327985ddd21a0499,1189,96,67,67,1189
17,265d3e283924e8ac4ea8bc436c687772d97f9703fd677b466a605ac7f1a560d7,419,96,40,40,419
18,8dfa317b0c2b7bd7a20857e127c506e04e100a0b3cd0045d906de2ee961ac21f,277,96,51,51,277
19,426a120e9105502534446b6b2f93d80918127f6d0a708f46a005683d0db7c88e,637,96,47,47,637
20,082ef6cfa8a9d5c17782cc036623a4c0ece915fc6a420e54678ff55dab70b98e,810,96,30,30,810
21,761da99e636939921184b716e7ba5e440765a070c13385f413f8172c5649afbc,1531,96,75,75,1531
22,9b90c234c007ae25d011f573a0deccfd96ca908b193a043413120f802384f402,1306,96,164,96,1306
23,8e144ac7eadb8b0b53e0e195deec103c4626a452c2e9d6b3d76b1590d2ef1112,465,96,0,0,465
24,57bf41a20daca07077287ad2d41a3724e4370a8a0d0136404bf44a32b2c14b91,514,96,41,41,514
25,a5f256fc653515d110f6dd48ad55b8ea21bf6d45af33b7f5c182c6c31455b636,1255,96,82,82,1255
26,c5b3e22fca3e7eb5509db07f615e1e9cfb78fbfb82b25c1541f882b2613f56a3,875,96,64,64,875
27,9d0bf140dd3e9610a05d0391d0b3076177bb6c5932d4b003e913cd9bfb378d81,428,96,18,18,428
28,2527e74d770f31ba23b27e94f47140ab3b881c5f75f5f675cd15269c21c43def,533,96,63,63,533
29,5ef0edb0ae15eab922119f2b67389d5724f897d5a6430209a7fc299242e56d98,933,96,72,72,933
30,a25f82cd1b4be74e9b43bdc43c058fe9ce987dc011b712f1ce43a21e4d45d0a4,537,96,67,67,537
31,b58d47b64e57c2bcc0ce08c90525cc9827590c4c915163a5664c66f25057eb86,480,96,19,19,480
32,52b1cbc0ca3474810cb7949467e3a5a2851350643eb734f1c33aaca65b4a6fe4,972,96,50,50,972
33,13ec7d20623e4c991345c6e854938a42b0c3ba3acffa421ee016a700bcc189ef,5038,96,0,0,5038
34,7f10a0276ca0f6917022cb3000efe665000389079d05be3da18888261d53eba2,473,96,0,0,473
35,7be15bef7aeb161cc050a294e7a4a2e1f70cd9358f41b59831a41a435a20ebed,254,96,47,47,254
36,a64a69646209bd7078de92ee938caf58bd2616e8e36c85917fc353526695ee56,2353,96,70,70,2353
37,11e560a685bf1b104cc898e25b632bc4bd7d8e027955f2d7e663ee781abe6ae5,393,96,49,49,393
38,bf5ccc817349256c1c2f16dd66d61bfcd29ac4897fdead01d85e01cd84e33670,1130,96,68,68,1130
39,9a7fa3c16640c215ee56fb067330853d5928b50181834259d9e00abb24e9b751,1215,96,40,40,1215
40,cabcd0382ed2f6481aa338d4235c57b559cc4d1a254f9c9aae6c341230ecaa90,1338,96,38,38,1338
41,043f80df5b673d9048e118735cb0230b0baaa23f788c3bae0010f9995412d852,920,96,16,16,920
42,4d29fd09ba426cc617b6e576d98a128ec8eacdad5c5c1704381f32f5b0963348,562,96,0,0,562
43,da02982123f1f4c22734b86851c507afb751568922ebc5feb52d3c74a9e37d6a,1099,96,50,50,1099
44,88a8c1a1f2cf753a5c462e5f24930bbc0dd9ff72cc88a4aafa5800d2e014f52f,1021,96,38,38,1021
45,607eea43ecd23c2d43d7d12cc6f26edfeb0c9ab22a17b1d09c9281e301ed99c7,390,96,0,0,390
46,0b6a052b9555faa3d4d4664f357b23e5ca0f6f71a459d41757d4b10000fce676,514,96,25,25,514
47,ce82cc02fd301ba6e478be5129ef6dd8f51452ce094b362910739b89e26b4995,478,96,21,21,478
48,ea6689b6c8edb306fc5da3e16dba9d7362e6e517d15f469c38e5c4fb8858d27f,316,96,31,31,316
49,7c2c9a4005a08f9f8ed2ce2e3b7d9432dd39547abafef80ffab6adbb89753b2c,108,96,13,13,108
50,9061011260b9d045e365e5402f4e150b7e1bc166a21b6dcd06b0d24f3294833e,599,96,62,62,599
51,cccfc1d98eae3098eabc4172a1261029642e3f31e5bbc317cc8a820a75086f1d,648,96,64,64,648
52,8759d02877c2edf1cd747fc987a8e5230be180fb1e10bb4f5b2db0e8fdcf9319,503,96,72,72,503
53,b43db80f7a2a9a1a5499909e2cd5fab0a2376b5a8fb9dfbe694828f9de6e91fa,859,96,37,37,859
54,f4124bbcd051f8182a69fa8eb7767b80cfc460fdd1a01eb6e8567315f1bc4b97,363,96,24,24,363
55,75d56b10a2333553c758f86a0f55199fce32b36120f166f2fca7fe1365931dbb,535,96,39,39,535
56,67540da68467479faeedb7ebcd6629f2494423b949be8f07de2c5dd364d133a9,602,96,37,37,602
57,5273734e985e4411938cd0c003f7a41812701c66824eec43a4270f95cb2acbc8,427,96,0,0,427
58,00db91b4578ef5aae6a919976e58dcdc9cd9ca77a912f999f0aa62c9cacee3c0,918,96,63,63,918
59,e03d2e2ed78aa1bafd41b89899496ec841b53734dee0bf878a1743bb56279654,1103,96,53,53,1103
60,63fb88d51865ca1fa791eef9900e8427c18a26134c89a4066fbaec1b10829c45,649,96,0,0,649
61,ac8a99218b7d0124307d89d41cee6bdb225105c8c24eae60ef2be8577b84c3a3,1333,96,130,96,1333
62,f8e6c25683dd1eb29c9ddee6be595cb5ac278018a028b0d07316b906a864763d,163,96,31,31,163
63,c6dc987207be93233446f3947fccc4d81639830021577c917834d80f57fd44dd,517,96,51,51,517
64,7b430dd4888d7410e8d65d331b8bd4f5bd9abd4f3a9290f2a93f37b0ed495c5c,976,96,40,40,976
65,955979c609c58538ca00aee39b91bfe3f7988d4c5d7ac63d68ced1c874449011,488,96,39,39,488
66,da3b17f4cd227b0ca94d4dcdc252f3ec7e7969b638b367ebf09dd8d7577263ea,2098,96,74,74,2098
67,1a916537b7b555892eb6262b941745a4bee0eec5d0d65b73609e69a3a5ace44f,750,96,58,58,750
68,94438bfcc4ab0fe4309b0436589d66e5d9aa4804cf0e4c4c7d2745ad7dabbaf4,461,96,20,20,461
69,92962676f214e5a64a684dcb0daea96f595b5c4ccf2e8db1315ae9d36623e43b,527,96,82,82,527
70,d4978a79f2cd2a7fa529c8632ede803a9632661f71146ce517d787c3dc5aebdd,313,96,36,36,313
71,e11a8ca0d0d551f3fa704c31f4d0af57361c9d19d838a54bdd6b63528cbb7a1e,1367,96,51,51,1367
72,b7c5362c168b0a1efb482e33444363f383ebfedc7cbf97406491bbca73a78b70,456,96,0,0,456
73,7ed37e7b0bd23b2e4067bbae94ccbcdfecf8992873fa005a302b8c23521f0a5c,655,96,0,0,655
74,e3d665dad3dbf6901bc5aeccd28ef9d87f5be7797ab459a04aa59f95824cf051,395,96,66,66,395
75,7842020d78ef36d2f31b7f9d468cc6729f9b16037e1b06f28adea4f7b1bfc2fb,528,96,56,56,528
76,1e865dd08ec23cfb4ba716c63359e383fb948aa26261eeb5a0f9d7462536db0f,1464,96,56,56,1464
77,462c157a4444fcbfb9ba57b67f342db52b80887f3370f552ba8e2109caa035e2,529,96,49,49,529
78,68d60cea30219da8cef67dbcc1b81dcdebc8456663f7f54b6fb8cc6666a7b416,993,96,30,30,993
79,535363783c0c533c3a927c0ad3ef395e2a62e8f7b3fbe3ece2c45a98e2b59b25,427,96,34,34,427
80,a3095681f690b2ae6282a9116df5485f601548b49602ebf94ef3c4eff4d99b55,503,96,48,48,503
81,3b1719ba4947964cb94b865175fff405120a047e44643495f0965aa8178f7f49,2016,96,108,96,2016
82,90397a156f87a91b9bb1e01e97437e9f353b3b37025d48c3c0efdf77fe4ccaf8,1382,96,63,63,1382
83,05d60a6f764021e918cb82ec1f692b68d8c8f288fcec0a06b353b54f82973e02,411,96,17,17,411
84,22705f55903aa2007eb23dc3b4909f6525a7ab6303fb968f9a8f156a8b5d15f3,756,96,60,60,756
85,fc574e32e4a88543e8f5373b656b0b1999faaac2fec70fcdbe637f375aa2f65a,1616,96,64,64,1616
86,cc3ab1bd86da746c869394db023aa68c2e557d769f04f80ee36b584a8929621c,984,96,42,42,984
87,49bca4bf056d239c66207751c15e2f1bf5c5f810a8685932c00ef588360f46ae,456,96,49,49,456
88,c5d9213c34bf5df524998185d5e67ff22d9413864b0dbf5f6b446919ba2204e9,742,96,59,59,742
89,4f30314865693bc9810ba484ea21699089d5bbcd2d4c75461668db8c9468bbf4,638,96,42,42,638
90,20d95bbd7219ed692991fc802f5ec153736cebcc544b1d5f94408f674165e914,454,96,37,37,454
91,96a4d83a02900a0cba9954d64106f1a532b0209e0d2b86d205a98bd847335682,1089,96,23,23,1089
92,5c99fe8bf1991cd76f6c3552589adbbf6067dea9f85a4be30a041aed43113415,414,96,17,17,414
93,73c83ae388f8feb7c4dc79ffcbcd63aebac2d46b63bf76339a088ecdf3e67bc5,455,96,21,21,455
94,d470ce9e5cd48738569283710aac2d2c179cb6ca14c10de393aa380d06b4d0ee,758,96,70,70,758
95,ef5a49ff0a8ce2699162595f67025d2bcaef0689dc49f83401c7b5aecc30d912,249,96,0,0,249
96,f01679b357e85183133b6e765b5bbb10fb34aac343f1185d3cae27b684632907,187,96,31,31,187
97,fc502f28a5134139f882e1cd5f20b4d641ea2c1f06edf89614d705d32c7fe408,271,96,27,27,271
98,dbb4583267ad40a7dfd854ee3c44ce4be38e137d0570e3eb76cf1854a74e7246,1210,96,47,47,1210
99,a97380fe4bf1f95f9d7ca044c8c320981c944c020311ffe61542426c78221856,521,96,76,76,521
100,c1fd6a3590b53159505eb6b17dec8d5d5f5e8fbe40b0c075bea4b0b518dcca11,777,96,20,20,777
101,5c619dcb6235f38247072eacd7fa6ad3aa7e69d3d4f661ebfdc4251e2b2752b4,520,96,77,77,520
102,351664067c22d7e6a071e811ddb3b5759e91101e0c46d4454fc61ce4bca10fa2,622,96,18,18,622
103,10ec8a9e8316e42cd33c02e147ccc5d057ce4ecac76498c455a230ec4485d6be,1114,96,39,39,1114
104,54b8ff6cb53707afb9a9b02349f5a054c83ecbaa7c35613a520a7ffa5f12a384,500,96,41,41,500
105,67d0180c2237bd5632e91bb92196fa42a3c92129e8c6b900363df248cd1368e0,986,96,68,68,986
106,450a21105b740fd60df57b1fa1f127cbbcfe9167e01cd5ddd638d7d55c4c53e5,486,96,54,54,486
107,e6a24c903c1ef211037c64a6835a8a484f48b17be1cae50d6998913f21acf7d4,260,96,30,30,260
108,8004a1c9c217fe6012b36949fb19437e9570870715c656d08f9b5e16ac29a282,462,96,21,21,462
109,59afaf3c8774c9cec06a003e9fa0d1fb1da47637c45ea570236e0ca79b5a0a44,595,96,46,46,595
110,8e243e32883cfc5ef70c61b40fccb9f5c9241e4ff31f0797437cd643f82d9740,462,96,21,21,462
111,3fa0f2fc8c5395c93141b3c1870f877958a9c3128714567c02f81c25cbb569bf,394,96,58,58,394
112,29416c9490a3c35fa69a9086f09fb7c75915d5d7467cb594e5b517e8fa9f344f,976,96,49,49,976
113,d4b6667304f841b9798dc5b85e5de6e0aa708b3efbb34e8b63c4acc6c14b1420,1836,96,109,96,1836
114,346cb787e598f5e4716e72b52876c6d754b1a6dab9ed0f94e7677f3b5738d813,543,96,56,56,543
115,be19ce51c4f3249082c6b7afdfafccaeace5a2a13254f2238c619aeebf5300c4,2753,96,0,0,2753
116,55af49dbd176eaddc736537238e00422c66a0de2d3ff6fb967010908ca36a64d,933,96,36,36,933
117,6fcd7510546f6916475197b4cc685730be47749ee22261b24813a38c97516602,115,96,0,0,115
118,3f536bf8d9a0d26399b1b95ed86e80aa89933eae3643f266d0eb8b65c5575c1e,751,96,82,82,751
119,00054e79d2c1f21a1744d2060bc18390be7446bb9a9477d37dabba316f3ebfcb,669,96,17,17,669
120,18a68eca96f64db10c5b38e1f1bf1b013e7dd5091fad780578010a93474da833,1124,96,90,90,1124
121,48dadd9917c0a709ac9463f4394ce35885b7791bd3cbd6398c60f27e34d6eab6,674,96,69,69,674
122,89b6935d8d5a99809a7ad4248ac8f8a498ab29e6b864ea77eb4d272755a2fd90,253,96,0,0,253
123,38e97d50880fc5ed6f0b961be3eff31062d9e7c8ddaa271c5384bb59ca0ce846,536,96,20,20,536
124,0f99982b545e61cc6fa4ca70be1e2f0f503d3e26f44fdb3067dd3c6905bb2788,344,96,54,54,344
125,4c4d28512cf712104d0b7374cb68ae9d3cf5d4f5d7e81c617fb0ad49332165f7,746,96,60,60,746
126,1d5a9ab11f64cb886d8ffa08a153c412b2d190fcf70e5690cd4b4c7efcdee53a,189,96,21,21,189
127,b5e7ca71ef5af9ce9e3ffc10eebc77b2bb95d592400670484ee596f06be68e78,614,96,46,46,614
128,df15bebcbad0a9711a70ad11c6497f18e8780c41854a77dfe793b0be9164d90c,400,96,21,21,400
129,a93d8265b260ba945a147042f68980aeec2ea04e8b4588fbcc912da3ec27dc1e,772,96,60,60,772
130,7f69aba6b465001d13b7bd7589de4d14647de313773b2cdfa0446b095330ee08,617,96,65,65,617
131,230062b9df5cd3cae4733c4846754a164253baff8678a5f36679cc8daff348bd,579,96,39,39,579
132,11218c4d9b56cea287841837e6126434a6d3e34733904e87928c45e26a9e6beb,463,96,52,52,463
133,e21eccad4aa906413ff8b7fcb1a5b107b313731e4054371ff21c72b73ba7ed6f,427,96,20,20,427
134,08ab69187b319cff68eba5e95e6d06f77a7a8e75e4b1a83c000f7ed2c160d37f,630,96,79,79,630
135,c7f982aa0afa168f06fb22ba0d66abd196aa829ba1086730aeea6a759cb9c485,930,96,53,53,930
136,ca8783b8053e1373c8358af24d59933449f4a63bbae1a5f44f9b3c81490c6c7f,763,96,42,42,763
137,e68aee34450b6e76702b13eaa365d21b896beea374590ad39bfdd7e8d6c145a8,604,96,84,84,604
138,7960e9cf1aca3a128f8499714b480e1bfa7940bba066f62f5e848bf0671233b0,394,96,26,26,394
139,450f49966564e0d2c6fd76f6e8ff87cdea199af3f851173d6695a04424f3f627,374,96,11,11,374
140,438dc726c30d0ff5ba1dfed88531d0758ecfa43be6730b09dce8957af6ef8e39,426,96,36,36,426
141,e4a9ea745635c950475641c84676edde20d12f8fc62fb2c5df55eabe66448254,264,96,30,30,264
142,87932b006a468d0082ca6d023f78fb2ddccafe498ce651b71fcda079d3627856,538,96,34,34,538
143,f361d925fefd6f05b6b6744b27baa67387e3d878959303ad383b7ea97baa85e4,384,96,0,0,384
144,ffa75f4fe09bf9ffc4f5b5d5b32a54d9d240a77390218f19626c6e2fe8f1d4d2,516,96,74,74,516
145,022c267c8428b62788b29f05279a1243080b944a7d58045a0c103edd1af36027,505,96,33,33,505
146,c942a402c587890f8ae3ac39a033212f5b4b109d0b4b26170e7294dbac3b5553,706,96,77,77,706
147,1a9d5667abcfbe96d50f29121e815eef32ae5fbfb3de52728d9a2de30d764b20,505,96,37,37,505
148,3136cc5cb28231272477a2bcc16add022b5fc6d26aa161cedaa8d3271e785d34,2261,96,72,72,2261
149,66622a82f290497bf9ea701076a942aa9e037bad7e6e5146f97a7133dfd22940,1500,96,120,96,1500
150,b94221f783eb87845713fd033590015677926a71ee9010789aeb11e63c50cbd0,620,96,70,70,620
151,764ef6f778faca895ff91fffd4fa52f9d65cec8f985aed444769b03068e81c4b,468,96,42,42,468
152,287332153da38b59cc1be9554cc3a29f14d3b9e2a33150b4d54137773b22d1f7,1159,96,56,56,1159
153,1c9241b56a619d629499ed1269bc3662f154bd72a3a25f047061c832e374af14,555,96,59,59,555
154,5cc627f3bab4b5d0006257cb64797e8ae1bffa09b4726998f79b8e504c56e301,1141,96,72,72,1141
155,7f3d679eff5a0b39202fe2696e4b76106c26dd5b3df9d615e208dbdf4bc35724,530,96,31,31,530
156,31df09ee54136584c9d22b78c72cb3401adeedaa4ef3491b7618f82c9f676527,481,96,32,32,481
157,2c059b5d887c76e8b9c0a49db785f10d0f81564a5167f42ec47ddc8ea3026781,309,96,14,14,309
158,60676beee4960e060cc78a55a5410118d39b40fbd63e1c600b9498427d1c4eb0,745,96,82,82,745
159,ea032885773058ac2c1adb9e98b95aa360b089ec83a35113d9152151e5f5e995,488,96,0,0,488
160,a3002bf1c1ab1c7b8d77ea7745647f5608ecbf067ed3fa8b7bc7cda007846d13,872,96,0,0,872
161,d6b94d57bf52bc0af4eb1f2866d0175f26a7bd411b9720c512e1b7d133843602,267,96,0,0,267
162,3d3fd12195f3efe1864680cfd15e17e255a74320c5605f79da077747b27e84c2,502,96,14,14,502
163,051fc4732e4921492421cda1544c298561f4d5e41751c6e73886e38ed9280207,326,96,23,23,326
164,a3757f6fbdeed39e8596df6cc5a20fd246063146afc4cbe937193a64fcc3e99e,429,96,12,12,429
165,e81f5dcd44302c3c277b4599449c71b5f2a7b3eb761bc2c584db236d9fbb8632,543,96,31,31,543
166,7a35c5b4006d9a7e80fc848a1691b4033874f87f578229f3fc6a0f98635b384b,556,96,59,59,556
167,01b6c32eee0d173b181b1bb3926e78b1014c3c8a350003ef462b97fcad650063,509,96,60,60,509
168,52dacce1ddca9fd8fb4569f19a8d82ad0456ba36260370784d604d66e8b697b2,635,96,44,44,635
169,539a4d890afc072187b18b4a970c82df0c180f5a8e93ab2442dbfe99c0aec049,360,96,26,26,360
170,70dda9e7bae131bb456a3b38859dd051dafc31855b16c33df9289fc7c396099b,952,96,57,57,952
171,5862305c8302b2d7dd9de31f34102a1220d9099d9f6f7b961610ed4337934880,261,96,37,37,261
172,2ca842f3e7a01314833c340d495dc171c89dca6271a7cf89edb90e6194b06fa3,420,96,48,48,420
173,808152c23dd7903f79cd211e69be307502872a8319329ebfdb49ad3c6d25ad55,464,96,20,20,464
174,bfb0c691493b552212f52a3e68ec9d6c2e67dc37339f19b6e71c22fd202292f8,536,96,49,49,536
175,13aade37cfa34320dabd0a767557abf7f24021728a2bdf4e9e605a99b86a70b2,329,96,0,0,329
176,223384aa416b5e9b85eba0bd82b798c35b38f8ae4325c35ff46c78dbac5325ed,1400,96,67,67,1400
177,673a5ff1e9eb71e9f4ce597ab556006ebebba414fa71bbe2287e813bbd3ddf7e,1052,96,69,69,1052
178,d21db1e4df818384f2c9357ac27257fff3f091e740b2823da319c1b572a51e39,1997,96,20,20,1997
179,223bf6426d9ad4fccd858bc2988b9ec441020f239760a0e13758c1f2e3dfc124,503,96,75,75,503
180,9c4089da85ef3c06dde2c14def7afc4a2e1452947ca9abf34025f90a101db770,806,96,29,29,806
181,814d7e6114e40802ecf4cea971d5d98de724ce7451f094ffdee525c1371e301c,522,96,45,45,522
182,314374051a4251883f154b5aa9b4a54ee7ad5d2fa3047b6c8dedf6a65f48abbf,348,96,41,41,348
183,5e20157298f92ee27a802e24a197e856d15db127bc8ac7d4660b4407ebe43b0e,550,96,121,96,550
184,fc7e217443f8e66fc4af3971109e40c570f998fb293d1bf4f799cffcc127e76b,1356,96,60,60,1356
185,5ae8fa403b7a6a5166305caad46d6b2b661dd0cc41344f282175ed24eb3781f0,471,96,43,43,471
186,930ebc290600ab8f12f93fc9a88f07aafbd39ee68720b02c19e357865ad59626,447,96,26,26,447
187,c17cbbd68c27235daefe2b9862da81fedd3a349c2589358be6a4b8f13cd12b63,796,96,42,42,796
188,31d4d2f5301bb477b0b173ab4a9959776cb9d1398d429b828bf6de5396a44a36,625,96,64,64,625
189,4f4d7a2fa9173996aa1493243c8853c00cc8f0653abfeab8bd0de60114577129,615,96,30,30,615
190,bc389b758c19f1d32f942839e8c94698ba1429dad6237bc90f8198b164cff6d2,477,96,44,44,477
191,1c6644344a12e467bac221d095a23fc2da3d2eb868d6085259979d4b76029cba,1154,96,104,96,1154
192,272729ea12e07654f922db22308673539882764491f0b55e31767ec1f714c328,766,96,52,52,766
193,14c12f3038e6dde2d28b78c0961e52dae3040876f6c8e2ce7208899bca679c80,2549,96,59,59,2549
194,67ced0ee45a5604018657739b01b5cc9768f680f2dd9cde0fd1b2564d2c7a677,483,96,24,24,483
195,fcfb09a6bd3571f67e1a10ecdcd3005e00f3bd03a7e392bbe0ad742723ca029f,406,96,21,21,406
196,6d5dc046360ddf30d8e647741d3fcf83873c4b533f6da6801cfe749d7921d896,1104,96,40,40,1104
197,2217216aa2f83359a0dbae70c3ab138e4f03b64cfd6a0b079049ecf160f72e3a,954,96,33,33,954
198,b670d96ac031d642bcd46a7d3df563138ff90dbe4e385dcc2b475467300706ea,809,96,34,34,809
199,acd1c3790427993ba8eea8553653c4d23fb6fe8590d065f65035e0aab0301c0a,331,96,0,0,331
200,33e035b87b94c840395554b01f49e9c988594ecea98632b70b107be32d538bc4,620,96,52,52,620
201,679986c39e4cb9599dc08211bd0f7b4941586aff6eabbf20148fcc35d02c21f4,400,96,40,40,400
202,21017319c2c8714bf0b97157e13f2184664d2d13b899b37276195af86ca0720a,1132,96,107,96,1132
203,2674aa9015e37da743be74d67bce80b3cb35df6161e9182af9b87d25cb645d52,1388,96,34,34,1388
204,0ade5cb5055eb17bde6b4f539f3f72f19246f20d8d5ee17be1f1cfac3fba4f44,397,96,0,0,397
205,e6d2ca75ad62139dc7684b05ef50eb7e6732950e26a0bb3b5a309286f342c4cf,1531,96,109,96,1531
206,1d456f9470d2ff57ac97450faa7588aef382adc7eff33d54259187c71584d11a,1308,96,45,45,1308
207,fe22d91e18cd544a85d7c768cd864172200252df906b774d890dc103224f7c8d,298,96,24,24,298
208,440707fe07775ac5a8e888c6aef2878f3c2bec58efef7110ba796ec2f53694b0,654,96,71,71,654
209,03bfae282c699ad0b358e53c924c5fc3b921d43eccfec4f32b71a4382263a1f4,603,96,70,70,603
210,0f3d4a587055bb5b934e059d9d3bd38f783a3ae09a8821792d023b48cf4621ae,492,96,29,29,492
211,337ff1ca94c9724ace872091c611e5bd2915db6f5f5967f4e596a0bee4a3695e,407,96,29,29,407
212,16ffa90895441e3c32abb8702ebfe89e4438f590980615be67ff8928f20bd1c9,671,96,71,71,671
213,2a5c3173293b02025db072c77174be6a288eb4a6f97c0af6a9f7c8fe8ab5d3a2,346,96,16,16,346
214,82a10d76551a9414922a5d44292c93f21c722864c4991c2e42886d4fd0cd8353,452,96,47,47,452
215,1abdf9f5fe8a5ce4b11f9b7b9cbbd0bc1697da6c82615add5f03f1f0cb3a0cbf,297,96,21,21,297
216,528542a10fef0b8a0f93112ede0727889adc00b81a2b3f9391b82d79d775531a,473,96,38,38,473
217,0ca26b54f0c45d0135ce37c885e5d97403dfe1e0e8b7752d3773a6b8966fa1a9,1014,96,81,81,1014
218,9d7c09e39a68cce1de0ca98909ddcf23cd3c3d699234d5b7b01317a13a663af3,482,96,35,35,482
219,2709b182438598d2b9f146586fb2c8549857ef08c97505fddab5a0a8782aaee7,372,96,24,24,372
220,33693b303138ed8342c492fd4e8eb7ef52dbb288038c72355590e4c266128662,457,96,56,56,457
221,001c5d2b571d4e8910b9409e8aaffc73b1ebe78a6b944bc951a7b21717ea1499,871,96,51,51,871
222,f3c1cbb6ec13c808a714f03f6f44fd482c327deaa69ee5845ebf9affa4afbbed,1044,96,70,70,1044
223,0b73a9ecfe713d096e2570931e596b9d42e47a4359a3d72144f02dde6c361636,4128,96,0,0,4128
224,549e89f067b7e11976787b867a566923f91938b9234ea1766f9c05bae8d2f0b4,1070,96,58,58,1070
225,b36c458f3bcedadad27b226feb1cd4b7843949bc226d5b6124e0a83e2b0a9947,1025,96,108,96,1025
226,4602a348ca21f49c27d1dfd706dbfb54f20ab49a7de362ece550dbb1dd236c87,377,96,15,15,377
227,37e405aacce2a3f7dce748db4891554b5e5bbedc23dc555869faf6d865e697b3,848,96,31,31,848
228,a865eb88e9d38d1113581e1982794bf124434ae60b97220ecdb4f06d1a0ab662,707,96,45,45,707
229,bd65d9ee0f06d8b5a3bd439e675adb40ddfe5d83aa100e62fd04f3da7a9520e3,526,96,59,59,526
230,d1cd75a0dd4ecc23a4cf430e9fb3d777e219283d6387f3607588492a4216c201,658,96,50,50,658
231,d89aa1703772ab0d843c4b6d2d4fdb768a09306cfd03519f41314fa57166024c,354,96,22,22,354
232,7289cbc54521bc202bb99244e249eff3fd381af091772ac7e1cfdbd1b155c545,482,96,40,40,482
233,8caecf83dffab0bac6b72623e6a7428c5a8cc791b0858bcc7f1f4bc67a8bed5b,1102,96,88,88,1102
234,b51fefb32007ce55cbcddddd69c471c6b4d798d8ffad2c7fe98ff6a6de84ba92,834,96,65,65,834
235,7d6b5983744e2ea501d7ee312e22bd1b9426e47216ef063ef2cce66e089a59d9,1720,96,49,49,1720
236,94f997e8d7d44225d61d08b97659620e755c3a48269a7711847ad349a9125830,303,96,20,20,303
237,65581bd1ddc53f130cac84c8df83f80295c1a3162d64cce850465d69c2faeab1,347,96,25,25,347
238,9777b390daeddca2aa6c9052607145f49b8f48a6fc39ca40b0fab62cd153d314,469,96,15,15,469
239,e4520c62aed3a6fd2854bdbaef518173baa30a0b701e11622b8b0d9d7ac1c295,660,96,58,58,660
240,f9537e5da6e5e72a4aba42c80daa21b614f459c5a11e7973bf23377f8918891b,417,96,45,45,417
241,920d53f2ba8db9ed226d6430fe54f562849c9cd1a5c72a52e854cc4e3bc78348,712,96,23,23,712
242,ea70f94ced8c73b71298700f937023c6fc660ef5e672a6c07738c08930a7925e,379,96,42,42,379
243,16acf8ec266adf7496ad0d234749b75d18270a557adc63a9f786ad010e8c986c,727,96,95,95,727
244,d98b2269ed529294b838f8aa92181c343c8be8aaa38704c019ad61866028ee6d,503,96,72,72,503
245,f486bd8745bc94336c6ed7b32c34b73eaf0259ff1b489161802856de636d3342,499,96,37,37,499
246,cc9657ed9d24be73f3ac2409be1b57319f8dfa7b1db7a59a3cd08630064a38a1,190,96,30,30,190
247,462359258ec669436763287109f8c6e8b5abc18eaea3865a9f123c8852a40ea4,957,96,60,60,957
248,650f90f781d9587cf7e61bc4dea41923a4ad0637252769e342ad329c0221f9ff,144,96,19,19,144
249,c14a1285a61abbca445e7369adf981bd085e703ad3cecc8acb5499797b348e1c,441,96,28,28,441
250,83618860fad41d20f0945e036b4bc270c90e6c96b6ddd84eff31402ffef38fa4,508,96,72,72,508
251,bc510befd27fd42cb2f578bf430c05cecbde0e650ff593efb7c1af6450c7421c,593,96,54,54,593
252,3f6b27ef15f1a0769f6d67bc2e74c379d3b7bd9e36093cb9bb74486a4a241890,1187,96,83,83,1187
253,bd8e45b1aef9315c01c2eb13419bf370f4ed06c8b8e7d209cbb101abec31b070,493,96,99,96,493
254,c6dd0092b775896c1534636ea95779a84e074f590068fcc7fec370765e4e3a99,695,96,0,0,695
255,946738194771d8903ea1de39783f6bebe496fb1b4c6d06255e560ee6678d0676,393,96,56,56,393
256,f7316e90f68b60994d35f7513e4b9b781c43b6ab0a099325aa3dbf8890800df5,274,96,15,15,274
257,f76d4444f84e1144c3d580f7f6c2ccb02d021a741c16a909ae2a9e2bc90b32f3,391,96,32,32,391
258,07006f6f455a8ea5033763db94d09ca6ca730ec8a322959ac7fe6b489baa94e0,824,96,38,38,824
259,ef0ddbb0badae4eac53608fa57cf54c55cb837d4929048fa6a2339bb30ae8f03,822,96,58,58,822
260,18033136f0b1562946ef34206594155695acf1088cd70ca93bc77d821a72f149,372,96,64,64,372
261,b8c0da372cb95f619176f62b3fc72e6e5d9f61e414d27b8729e4cf94beee0cf4,663,96,74,74,663
262,0cf59f4757410f8f74d27a1b9a605bcea29a6c7c9c84839bc6505306280f27b4,863,96,92,92,863
263,df665a32b583fcffa4eacb9bd8880a0c240f00418d00c7a4a14bac26a4ea8e5b,824,96,31,31,824
264,d27936d3053623e7b362f972e2897b1b9d66aec063a21d2cb4540543b90c301c,774,96,36,36,774
265,cc24e8701a5717fd1fa418174adb3b6cbaeae8a76f78b33a995f44c5bb394056,1390,96,59,59,1390
266,5c8f6c84561e4836ba257bc1182486257393c8dc7073d72f08afd8e522ee95c4,1101,96,86,86,1101
267,62f5e1881b0efc28f2f60c2972f6226477c26b841e00762613f38246a2677974,312,96,30,30,312
268,a23099a3856f1e0ce5a8563a28fdc25422081c8f516879f23e98abf0da67ba8d,479,96,19,19,479
269,d1e98792da352b2d83ccca532e6144d5e51ae1b39a9c272494a4c18a7d3ec3fd,460,96,32,32,460
270,4793c5b0a3bb8263732fb612f8f21834b21a20617a8ea595843c2ec3fead15e5,970,96,20,20,970
271,48ae6d5533dd7faf386b768e3da89f009ee6678a330e57c47be85385d5aca664,465,96,30,30,465
272,cbbde4fd45aee67b8bb1fa7f40c2f8aeabfa5c09fa32954630085fa8b1c47744,533,96,90,90,533
273,eb594aca44a18b58a3b7b54b501b766b15fafc0feb13c934d52f97e6da419581,593,96,54,54,593
274,18afa63e36d6157b163608e12bce93118922bef5ec51dc9811cf59ab3855dc14,672,96,59,59,672
275,d6d8452f76cc3f6139b4f8a26fda368bf45c8a247218abf27402397b08b56943,1150,96,48,48,1150
276,b70cdec6cd43cdcdf11909033159e3c13c0c2556f6b71f1e884f5fa5a2fafb99,1042,96,59,59,1042
277,cd085d4391829da9e96878c9f2170c05c298e1c4c86a7f810400d6adda64bbb6,210,96,19,19,210
278,87208f7d25d760d405971be60e739e07826b41f96550fef7b3e4b593f208c082,512,96,57,57,512
279,9fe72522f21ef73d3cb27a82fb3d198f1c871bca25715a5049ce11c8653f9956,478,96,24,24,478
280,652e9b375dbfa639eace1fcaeab438211e2b79b1d49c40add44ead3710e65990,309,96,36,36,309
281,c6506b4a937e3a2dfb3534c595b075c700a8dc0eb18b8996c0e43cdfec088e1a,364,96,26,26,364
282,2b50a9bdb76401c564adebe2d7cebb4de1094be4bea454c59063a59361c2e5a1,1010,96,81,81,1010
283,defa1995fbabefcd7f4bf6dab888d02769c2ab647bb8d52c3e2e827bd3630cfe,802,96,32,32,802
284,f85202b5d75177e17ae2f6ce9634dd0f5a12ba04f3d22ab75c2febd126f075bf,441,96,45,45,441
285,6d5bab5d8d70be3a440bacfb3ec857e93468837e7e7298ba8ba0a1486ec8d732,857,96,26,26,857
286,16e201eb49237f1092a05dc94a1cc131f78e10e8ba32e0f005076714062ff9e3,466,96,29,29,466
287,9ffde4f57ca334105303436a914b7fa6d8c58eb8161c57c232fb808135ce115b,452,96,51,51,452
288,d3e28ff8f2168f2761be02fb067e5259b4e759814600f522127a8e2a8d383555,1068,96,79,79,1068
289,b89a34e8176a3aa843db2f9bb6c1a9011b7179891282e17e8dea7ac94fe76c1b,883,96,44,44,883
290,53ca26e9a4eeb6dc55931307bed794b7dde0c3f5bdbdfb91ea34506062a3e318,888,96,45,45,888
291,eaac9e9e767af863f147d3e73bfc2fa6441dcd6fa09f4a35d72f78f9a9973f5a,292,96,21,21,292
292,1670aefbe2d9baf3412d23252180a37554c5647a0ad5cb1fbd06bb18417aee49,360,96,20,20,360
293,a86f7dbeb9c5f48401a1a452b440d782c35067d2da152180a09ce26f76d11639,1480,96,146,96,1480
294,61cb0337dda814c4297cda4289bf9f49b7cc3edb376a1562936e114443f83b3d,247,96,0,0,247
295,0979d0f16275fb9831c003699f0d784233dfefee41a6be01942a90b08379d9d0,267,96,22,22,267
296,456b0bd6f627e1b046e11eb32cede3edc8125bd526e9d62d6a237b897f455cff,460,96,25,25,460
297,e3ca60f18e3b6e98986ad6749215ee3b7a3abc09c191675213d1f243c035c9a3,393,96,0,0,393
298,ed8a1691faf6bd8eac040ff9346640c46fa2a683425b30a4f9292b4abfd96835,374,96,50,50,374
299,098f8e95556545c4417a8526c58549235f89930e00529d662ba941c1c2e8a9dd,1124,96,58,58,1124
300,c81b4e9e806e0ace9f779e65477e6c988dea6cad5eecfbcb35f2364c5fc884dd,821,96,35,35,821
301,91879df6c55d94de68c2f51e05a06f8a798076a5bca1b45a5ad1d3fefa3c065f,424,96,19,19,424
302,448e29b0b2d00f0702d2821a9d17cc5beff8d25389cce602e3f746e22a9584c2,2005,96,109,96,2005
303,6e07b46dcedc0ec3990f75af51364e261ded9d1f9fd0409f771daaae0948e6f1,303,96,34,34,303
304,266e943682a0ddcb4cd4532fc9a4d6b6bf941ce7d8c2bd9f5011cf7fd02d13bd,505,96,68,68,505
305,c1d8460d5126247ab038e25728de72367a0b8b3a5cad88ce58627800b516b936,499,96,53,53,499
306,ddd04e390c6c6a21de3d05d005744796031167d578e9155c8d9f9ecf067e881f,292,96,42,42,292
307,47f215840b7ee1171d9fe5b93552ff6be5333e0e7dd49eee0d8b106793ccbc2c,458,96,13,13,458
308,74716bef5c87821e4b00db1043b6b1f1b4e661f13f1fc7dc3e9b3ceb33ba71d9,1620,96,53,53,1620
309,c0c4e4c51ca175b1a63d7e7645719706938dbfdcf3cba49b54896c64634e0bdf,2506,96,57,57,2506
310,51db38ca000f0471707445dbc6e933598ffa1311b809a8da10aaf05174e5182d,480,96,35,35,480
311,6cf2c19bfc54eef2d536181ce04a499c239d2c869bf5d7a463d316dd221786f2,1988,96,132,96,1988
312,e104bd0942475592d1b9846250cd047178657b11a0718e3dc71de016002d13f9,1280,96,67,67,1280
313,d4e6b670eb793c48c392c9c64f22329115e774a583534592d95c3da5ba283e65,1236,96,57,57,1236
314,7ad0211f6f1856263e963aa8f65d2f66843a22412af6c78570724639b15733b8,613,96,0,0,613
315,26869a7fa856d719c193b67a32ea0b6e3508c17ae6b4a22b7ec5e3fcce984a5f,289,96,24,24,289
316,a77a65704b9ea9bce6c2f5f2312b945c7cda764b41fa08b0a802c7a6c8dfde79,165,96,16,16,165
317,d33636de0202233be8069eb472da2746f837b54b1ddb71cc15ccd39b47d43373,470,96,47,47,470
318,af1da04ff0aec04b89f2c4605eb222fc00ba4b5fdb08b537f284cac275b33a17,1055,96,58,58,1055
319,639fec58970beb225b8efb16a3ad59713134601c6ee978bb08af353971c651ec,503,96,25,25,503
320,873156a7a929474a459571e94fb623f12d92e6af90d92b51b3f3cf556215a96e,522,96,110,96,522
321,455a3743ead4dc373fcf76bcaa0ba8a3cd517d97ac52e18988d560da6c3747c9,2339,96,79,79,2339
322,045de6b23d69dba05552c9aae2f5507478a5c7eddd1a1641df8082b145478595,1153,96,100,96,1153
323,261a58d7e60edfc0e5856fbe4a7731d73aecba5005d564fad9d5dafb5bfe869e,591,96,59,59,591
324,5108f141bd89daf8332040d559884335f4f156f72cf7a919dc97f8e0322cbda4,525,96,34,34,525
325,6bac7f2ffc270dc95b451aae54c85ce01ab5e4f15f7ced5e397d76fe1501dea2,146,96,16,16,146
326,499d7bf59db33f2a877745045c7f1885e74a10e88dab5c10d5d7faddbbc8ab8f,747,96,29,29,747
327,ff4962a4e5c623868caea8a7527dd4bea19a76126d7cdbfa24fe1d4c75fc58a2,500,96,70,70,500
328,174342209ff7997c1d7b13c4caf0cec2736c7567b3e3f0ebc61838003007f3b8,574,96,0,0,574
329,105be8ac4b61f7c2148c4b1815409b66f38ac0f3b2e42851f3f5da1e2b3d77ab,467,96,26,26,467
330,72ae3fbfaabc73063f5b44342bc0fc94ddc2c535148ab9ca1dbcf91c673da3f4,451,96,25,25,451
331,419e4dc8adbe6e5c40c24c2479e48931f61150dfe7759907fb8e3a6144e21e98,611,96,70,70,611
332,7ff04ddccf949e11263e780f4fb3492ae973c50c851a4df836fb5d6e323a318a,233,96,32,32,233
333,a43bba725114d4c16c5b3b5bef27c7b952c8f9b6cb244e89980991f6337bf1e6,476,96,57,57,476
334,39cab1db4ac394157a582eb025b06086ce3ec5b96fe16205e2d1d91b08a6482d,1390,96,21,21,1390
335,553ddef377b84167048c087d19725632b8355f16ce8d6c8e47cdea8591dbc6cf,403,96,70,70,403
336,369ec29171b6cdc692766d64e716681db8e6f2bb3004c12acc5f79c99bc484a1,309,96,16,16,309
337,7192d652f813d4d86f957b1edb7729c8adb429515fb591d7f4c6937a9d54dec2,403,96,34,34,403
338,f62bb087ea9a01852d3f792583b5a06baf0f905c43ca0e011e4fd124bc63ab37,424,96,0,0,424
339,e3eb0529ac8c161622b5b757f7a6500333d7b1781b474e1e4b71785d579f4a31,770,96,75,75,770
340,ed2277a5b7e4e7c44a5a8b9cb05f59452041ffcfcca4654de1a91e4705570cda,839,96,45,45,839
341,beec7f48b884ff00dab1aa4e52663858ce7c00a8499385c4008b88cd8c058176,404,96,13,13,404
342,7807e896342f7584ad6033dfdf0a6b0076732db9c708df5d0544de83fdf47511,479,96,32,32,479
343,4bc37e873a119418b1c915dcfcbc6cc483e3c641a511a9203a50ff1614c7b6b1,501,96,26,26,501
344,fff13b41ef65181ecfd036c714d8c453d73781b4e2a5bd73a6cbe02d9829fb19,239,96,0,0,239
345,0e1b606ba4a2733bcc0bfda24d9072606dc3876638804d08520b6d5c668ea019,894,96,23,23,894
346,5700fd20b890228dc7e812e55ae9c8c398a6acd114445a1139ed0655f81a77ad,822,96,70,70,822
347,85be618bbf0bc60ffeab00ec3415cc19dfeb475b3da875a80c6c34f2c9af80bf,467,96,47,47,467
348,2546fc8eb85f6ddb0c86a8118b17e473bd385a8c6e3d14c60d4193d21d098fc1,416,96,63,63,416
349,53fa4ae6a617800609887f91e4486400c41053d4ecf0df681c3dd225675c2938,451,96,0,0,451
350,e8bea1dfd0a8c2ec4d98cd0838eacf112aef4b3cf82ace51b15a0ba957e1b4ae,664,96,57,57,664
351,39060bb69c4e8f76b5ea4babc2f97724fa4e7d5c79be4dc83ef5cc192a840c31,855,96,21,21,855
352,90595514e8943fb2a0668dc14ea9841297ca49846d9007639f566f839f2e667d,497,96,63,63,497
353,1a1d669b0622fbe831f52ddb1be8e99ed35c39eea791b55b52db12a80811e274,766,96,32,32,766
354,37003eca217f6b25fc4ae29a2d6ffc1e7b18df0a7f2e9f9ea509a636a68f8260,987,96,34,34,987
355,92527863dc4b011caad9cf573b20b6c8616efaf0581b30b1aea9ec850f141aa3,2000,96,87,87,2000
356,31f3d057dcbc2abdd4120b7c760ca6af6ae43dd23ee21bbb6f2b25d42fe0fcc2,1791,96,92,92,1791
357,48b7226dc34e609ce66665fa7364fb3124108ada1effd7c7ef61ca7ca51b1974,1980,96,131,96,1980
358,c303d7e7724c7beedc8089712b3939a89de9ef2ec912b0e488240d9c7393bb88,480,96,34,34,480
359,2050e121c40716b1679af0b304ba648e1f3f6d4bf32ac563318974ec64d5167a,659,96,51,51,659
360,acb6bfceb028a3ae5829248426f3ea5eb5863b320d20d32d78a5fa3bcb55f7fe,1374,96,47,47,1374
361,41225f390d79410ec5e7bfef7e5f05341e7142207310e2a3d53bb09826db1795,503,96,44,44,503
362,aa54247704f55ea2a11e5e339c873318fa24bfd23de6d43aa67e2f416e2b8e82,999,96,41,41,999
363,632f3cd643185c2ab1b1d79edf533faab80d97ad98dab3ec2b2e20ad3635b044,583,96,47,47,583
364,6a25cf3375cffdb55b1ac9fcd0bfd67323d01427cd5e8efd34cb623c84d72b48,574,96,36,36,574
365,c345e66ed21d45f9acfe03a6e99ca5b9744199478b48087e17cb99e2ac0364f4,1956,96,79,79,1956
366,a5738db82a0d8d4b3b1be01d61879e9adcd8fef0377366ac0d930a850c227edc,671,96,22,22,671
367,87744367b800f3cc95c3a6d293b833f1eb880275dbff337dd1b2025d071efdaf,1009,96,59,59,1009
368,5ef1f29ae6c48b186caa6e996c42991c0077374bda1649603ab90d4cbe9752aa,646,96,44,44,646
369,cf559ca22e969dc6a8bb865fe5e89cf38d07e22a24caf182f8384201045496e1,2347,96,88,88,2347
370,3394a44c77135f9edf6d1f3be38c64fdbf7e38bad6cdbf742241f2c25025b7c1,839,96,59,59,839
371,26609ead5948182ab7db59542853a0a1d88afd779de2e29919cf8ca312cfc55b,318,96,23,23,318
372,11464cac78fa396921bed3a7cd586d5bd145164fc65b01b3a84a2ed8f3a2bb8f,444,96,55,55,444
373,cb17e7a0aae2e99ddfd0bf964ad621c4b9f2342f01a43321ac1acd75c135d635,426,96,27,27,426
374,9ed9d245a1ccec30c57b21996b7795d43966ae87dc4c5292f48fd56fb80def56,239,96,26,26,239
375,f59ab0673a16b8a9d27cc39a4b28a9bca0e3952e77e9644cfc3c455a520bc990,693,96,45,45,693
376,f9c47916ec9ee1cf8af91ccc42f6a3a095bebec36067307a68a484b6c928c423,764,96,51,51,764
377,17edac2fa022b912a92821032c8b6d4a300cd07a4c81906cb7faa2b94996f600,1342,96,58,58,1342
378,7c2a7bcf3a9e687a4734d149429648beaeb58a4936962328b18c1fd4d5c90203,509,96,39,39,509
379,a93ba2d243a68358de9b9adec225e83c68e9ffc050c5d9a71ea6483fb92db338,1119,96,50,50,1119
380,602770d3014bf6d6ea687ec5967462bda3efc028d8a34ad15709bcce552e3b6a,488,96,82,82,488
381,fe76404c5e0db4b161b830fbcbffabe5f6574550ded0cfdf7f3c45837c165164,175,96,0,0,175
382,b2f7f8437797ff0397a89aeb7f6ff2916d84a5895e2cca8247f9dc9428c257dd,553,96,61,61,553
383,54d4ad68b7f18c59288a5d0ac6b402df893d8aadb55fda3f5e03b57be254e647,852,96,88,88,852
