system_id,cluster,native_contact_ap,native_distance_mae
5elw__1__1.A_11.A_13.A__1.B_1.C_1.D,c89,0.7410050304134382,0.7116059064865112
3tpt__1__1.A__1.C_1.D,c2488,0.6925194565232315,0.7906328439712524
4c9g__1__1.A__1.B,c2097,0.20753721539143374,2.284832715988159
4ibk__2__1.B__1.G,c1616,0.20211510826337115,2.971198320388794
5djg__1__1.A__1.B_1.C_1.D,c414,0.42260237590504235,1.2328399419784546
3wy0__1__1.B__1.D,c161,0.3185004081523282,1.7032926082611084
6rbj__1__1.A__1.D_1.E_1.F,c2537,0.5333005587904289,1.8782073259353638
5g3l__1__1.C_1.D_1.E__1.M,c9020,0.3700253785138954,2.361088514328003
3i0o__1__1.A__1.C,c5298,0.3270970253206254,1.3538265228271484
6wnd__1__1.A__1.I,c164,0.3774768148749866,1.220917820930481
4e1b__1__1.A__1.B_1.C,c1652,0.561013837392737,1.0051170587539673
5x62__1__1.B__1.D,c3084,0.9201830021423704,0.6704455614089966
5ly3__1__1.A__1.C,c2133,0.8403600624110369,0.5811359882354736
3f64__1__1.A__1.B,c1940,0.3796648186299477,1.62702214717865
4oke__1__1.A_1.B__1.C_1.D,c7587,0.7326350084118745,0.9988515377044678
5fll__1__1.B__1.G_1.H_1.I_1.J,c1867,0.6484552842160665,1.28108549118042
4rpn__2__1.D__1.K,c1738,0.2631067183847722,1.5866910219192505
6lop__1__1.A_1.B__1.D,c4280,0.5128342279687272,1.240310788154602
3iu7__1__1.A__1.E,c4291,0.2088636094929579,2.501371145248413
2vud__1__1.C_1.D__1.M_1.N_1.O,c266,0.44111519152297585,1.3362261056900024
4peg__3__1.C__1.N_1.O,c1401,0.5377702177512341,1.076680302619934
4nca__2__1.B__1.K,c2247,0.5203432142693983,1.0403486490249634
2pul__2__2.A__2.C_2.E,c1052,0.6294593609679267,0.8473188877105713
3zy5__1__1.A_2.A__2.F,c5614,0.7368600727510852,0.8141822218894958
3fpe__1__1.B__1.D,c2604,0.413995683694791,1.3841434717178345
3fma__4__1.D__1.I,c2953,0.3318457207910413,1.9225807189941406
5j47__1__1.A_5.A__5.D,c1131,0.47566332037930065,2.232262134552002
4z0u__2__1.B__1.D,c6412,0.2981118422699418,1.708954930305481
2oys__1__1.A_1.B__1.C,c5781,0.8449225404670166,0.6499065160751343
6ipw__1__1.A_1.B__1.F,c6533,0.7828683190684451,0.5542556047439575
2de3__2__1.B__1.G,c4237,0.46426451545473135,1.0435632467269897
2bdm__2__1.A_2.A__2.D,c11013,0.6491073905992775,0.8160259127616882
1txz__1__1.A_2.A__1.D_1.E_1.F,c3228,0.7264891595448284,0.8390985131263733
3qzy__1__1.A__1.D,c1187,0.3561445124145548,2.594637155532837
6thj__4__1.D__1.R,c2174,0.4860978406351384,1.2625453472137451
4wbd__1__2.A__2.B,c6395,0.5355817258738831,1.4499088525772095
2hvs__1__1.G__1.J,c4705,0.6662113511993519,0.8724107146263123
6eji__1__1.A__1.C_1.F_1.G,c119,0.5894162923227371,1.0069454908370972
5umx__1__1.A_1.B__1.D,c2018,0.7145749047507868,1.1938352584838867
6dio__3__2.C_3.C__2.HA_2.IA,c248,0.5375233005766805,1.4814515113830566
3pnl__2__1.A_1.B__1.D_1.E_1.F,c1033,0.5529448491028484,0.8063437938690186
5eo2__3__1.E_1.F__1.L,c5274,0.5251246606125624,1.0138596296310425
1jlx__1__1.A_1.B__1.D_1.H,c12579,0.6776508257063367,0.9987782835960388
6s2g__1__1.A__1.I_1.P,c804,0.5868253110545719,1.595748782157898
4b14__1__1.A__1.E,c118,0.39074843812780424,2.000974416732788
6ggi__1__1.A__1.C_1.D_1.E_1.H_1.I,c3463,0.2869391595482032,1.875717282295227
1i31__1__1.A__1.B,c1500,0.37544888530177334,4.580806732177734
5ndf__3__1.B__1.O_1.P_1.Q,c186,0.7621511625625522,0.848734974861145
2dcl__1__2.B_2.C__2.F,c4257,0.7268853258887948,0.8427470922470093
1jof__1__1.A_1.B__1.M,c6112,0.42895292115985034,1.9148503541946411
4kgz__1__1.C_3.C__1.J,c103,0.3464922482422379,1.6529618501663208
5tsx__1__1.A__1.S,c1996,0.5876888915662362,1.3421547412872314
3mqr__1__1.A__1.B,c2776,0.30343414410581926,2.2377216815948486
5m0i__1__1.C__1.G,c4053,0.07144719825777815,4.151810646057129
5d21__1__1.D__1.K_1.L,c225,0.6504751004688087,1.4383870363235474
1xms__1__2.A__2.B_2.C,c124,0.5330822622661026,1.2295379638671875
6ybu__1__1.A_1.B__1.M_1.N,c92,0.7867503333577417,0.7153556942939758
3e7j__1__1.A__1.C_1.I,c3318,0.12280963837934326,3.1913373470306396
1yzx__1__1.A_1.B__1.C,c1556,0.7625516177340493,0.8956153988838196
6kcp__2__1.E__2.D,c10810,0.062046171619706894,11.08395004272461
4s1b__2__1.B__1.F_1.G_1.H,c4417,0.2514123641300949,1.904479742050171
5mld__2__1.E_1.F_1.G_1.H__1.N,c5311,0.9039262708930235,0.5487537384033203
5m5q__1__1.A__1.B_1.C,c5724,0.2116071146439475,2.468970537185669
4dyn__2__1.B__1.D,c822,0.2972618487586427,2.7439613342285156
