candidate_id,pair_id,previous_display_name,modeled_entity_name,source_ingredient_name
EXP-001,UREBDLICKHMUKA-DVTGEIKXSA-N__CHEMBL1994,betamethasone dipropionate,betamethasone,betamethasone dipropionate
EXP-011,JOOXLOJCABQBSG-UHFFFAOYSA-N__CHEMBL3310,fedratinib hydrochloride,fedratinib,fedratinib hydrochloride
EXP-012,JOOXLOJCABQBSG-UHFFFAOYSA-N__CHEMBL1829,fedratinib hydrochloride,fedratinib,fedratinib hydrochloride
EXP-013,JOOXLOJCABQBSG-UHFFFAOYSA-N__CHEMBL1937,fedratinib hydrochloride,fedratinib,fedratinib hydrochloride
EXP-018,MYSWGUAQZAJSOK-UHFFFAOYSA-N__CHEMBL3130,ciprofloxacin hydrochloride,ciprofloxacin,ciprofloxacin hydrochloride
EXP-019,MYSWGUAQZAJSOK-UHFFFAOYSA-N__CHEMBL3267,ciprofloxacin hydrochloride,ciprofloxacin,ciprofloxacin hydrochloride
EXP-020,RTHCYVBBDHJXIQ-UHFFFAOYSA-N__CHEMBL3024,fluoxetine hydrochloride,fluoxetine,fluoxetine hydrochloride
EXP-027,CUIHSIWYWATEQL-UHFFFAOYSA-N__CHEMBL1829,pazopanib hydrochloride,pazopanib,pazopanib hydrochloride
EXP-038,JKVNJTYHRABHIY-WXVUKLJWSA-N__CHEMBL1914,benzgalantamine gluconate,benzgalantamine,benzgalantamine gluconate
EXP-040,GKHIVNAUVKXIIY-UHFFFAOYSA-N__CHEMBL4439,belumosudil mesylate,belumosudil,belumosudil mesylate
EXP-042,YHGSTSNEOJUIRN-UHFFFAOYSA-N__CHEMBL3242,omidenepag isopropyl,omidenepag,omidenepag isopropyl
EXP-043,YHGSTSNEOJUIRN-UHFFFAOYSA-N__CHEMBL3729,omidenepag isopropyl,omidenepag,omidenepag isopropyl
EXP-044,YHGSTSNEOJUIRN-UHFFFAOYSA-N__CHEMBL261,omidenepag isopropyl,omidenepag,omidenepag isopropyl
EXP-051,ZKLPARSLTMPFCP-OAQYLSRUSA-N__CHEMBL215,levocetirizine dihydrochloride,levocetirizine,levocetirizine dihydrochloride
EXP-056,CBRJPFGIXUFMTM-WDEREUQCSA-N__CHEMBL3778,ritlecitinib tosylate,ritlecitinib,ritlecitinib tosylate
EXP-062,OZWKMVRBQXNZKK-UHFFFAOYSA-N__CHEMBL3729,ketorolac tromethamine,ketorolac,ketorolac tromethamine
EXP-068,OZOMQRBLCMDCEG-VIZOYTHASA-N__CHEMBL2850,dantrolene sodium,dantrolene,dantrolene sodium
EXP-070,CMWTZPSULFXXJA-VIFPVBQESA-N__CHEMBL2637,naproxen sodium,naproxen,naproxen sodium
EXP-072,QFFGVLORLPOAEC-SNVBAGLBSA-N__CHEMBL284,besifloxacin hydrochloride,besifloxacin,besifloxacin hydrochloride
EXP-075,JYGXADMDTFJGBT-VWUMJDOOSA-N__CHEMBL1978,hydrocortisone butyrate,hydrocortisone,hydrocortisone butyrate
EXP-077,NNACHAUCXXVJSP-UHFFFAOYSA-N__CHEMBL4618,pitolisant hydrochloride,pitolisant,pitolisant hydrochloride
EXP-082,AJIPIJNNOJSSQC-NYLIRDPKSA-N__CHEMBL1978,estetrol,estetrol anhydrous,estetrol
EXP-085,GZOSMCIZMLWJML-VJLLXTKPSA-N__CHEMBL2331059,abiraterone acetate,abiraterone,abiraterone acetate
EXP-089,KPWSJANDNDDRMB-QAQDUYKDSA-N__CHEMBL2243,cariprazine hydrochloride,cariprazine,cariprazine hydrochloride
EXP-094,UREBDLICKHMUKA-DVTGEIKXSA-N__CHEMBL2973,betamethasone dipropionate,betamethasone,betamethasone dipropionate
EXP-097,RRMJMHOQSALEJJ-UHFFFAOYSA-N__CHEMBL5838,lazertinib mesylate,lazertinib,lazertinib mesylate
EXP-099,CMWTZPSULFXXJA-VIFPVBQESA-N__CHEMBL2722,naproxen sodium,naproxen,naproxen sodium
EXP-100,CMWTZPSULFXXJA-VIFPVBQESA-N__CHEMBL1908,naproxen sodium,naproxen,naproxen sodium
EXP-101,IKKXOSBHLYMWAE-QRPMWFLTSA-N__CHEMBL4338,islatravir,islatravir anhydrous,islatravir
EXP-106,YWGDOWXRIALTES-NRFANRHFSA-N__CHEMBL2243,bepotastine besilate,bepotastine,bepotastine besilate
EXP-109,SGEGOXDYSFKCPT-UHFFFAOYSA-N__CHEMBL2439,vilazodone hydrochloride,vilazodone,vilazodone hydrochloride
EXP-111,KQKPFRSPSRPDEB-UHFFFAOYSA-N__CHEMBL1978,sumatriptan succinate,sumatriptan,sumatriptan succinate
EXP-118,KGSXMPPBFPAXLY-UHFFFAOYSA-N__CHEMBL1944,azilsartan kamedoxomil,azilsartan,azilsartan kamedoxomil
EXP-119,PCHKPVIQAHNQLW-CQSZACIVSA-N__CHEMBL4501,niraparib tosylate,niraparib,niraparib tosylate
EXP-120,QFFGVLORLPOAEC-SNVBAGLBSA-N__CHEMBL3130,besifloxacin hydrochloride,besifloxacin,besifloxacin hydrochloride
EXP-124,UBPYILGKFZZVDX-UHFFFAOYSA-N__CHEMBL1993,bosutinib monohydrate,bosutinib,bosutinib monohydrate
EXP-126,HEVHTYMYEMEBPX-HZPDHXFCSA-N__CHEMBL2292,taletrectinib adipate,taletrectinib,taletrectinib adipate
EXP-131,LMMJFBMMJUMSJS-UHFFFAOYSA-N__CHEMBL2039,avutometinib potassium,avutometinib,avutometinib potassium
EXP-135,PDGKHKMBHVFCMG-UHFFFAOYSA-N__CHEMBL2252,trilaciclib dihydrochloride,trilaciclib,trilaciclib dihydrochloride
EXP-137,ZKLPARSLTMPFCP-OAQYLSRUSA-N__CHEMBL2326,levocetirizine dihydrochloride,levocetirizine,levocetirizine dihydrochloride
EXP-138,ZKLPARSLTMPFCP-UHFFFAOYSA-N__CHEMBL2326,cetirizine hydrochloride,cetirizine,cetirizine hydrochloride
EXP-149,XAYGBKHKBBXDAK-UHFFFAOYSA-N__CHEMBL1952,mitapivat sulfate,mitapivat,mitapivat sulfate
EXP-150,ZAFYATHCZYHLPB-UHFFFAOYSA-N__CHEMBL215,zolpidem tartrate,zolpidem,zolpidem tartrate
EXP-156,ZKLPARSLTMPFCP-OAQYLSRUSA-N__CHEMBL220,levocetirizine dihydrochloride,levocetirizine,levocetirizine dihydrochloride
EXP-158,CMWTZPSULFXXJA-VIFPVBQESA-N__CHEMBL5141,naproxen sodium,naproxen,naproxen sodium
EXP-161,FABPRXSRWADJSP-MEDUHNTESA-N__CHEMBL3130,moxifloxacin hydrochloride,moxifloxacin,moxifloxacin hydrochloride
EXP-170,RUZYUOTYCVRMRZ-UHFFFAOYSA-N__CHEMBL325,doxazosin mesylate,doxazosin,doxazosin mesylate
EXP-177,YWGDOWXRIALTES-NRFANRHFSA-N__CHEMBL4618,bepotastine besilate,bepotastine,bepotastine besilate
EXP-179,KWTSXDURSIMDCE-QMMMGPOBSA-N__CHEMBL2252,amphetamine aspartate dextroamphetamine sulfate,dextroamphetamine,amphetamine aspartate dextroamphetamine sulfate
EXP-182,HYAFETHFCAUJAY-UHFFFAOYSA-N__CHEMBL4005,pioglitazone hydrochloride,pioglitazone,pioglitazone hydrochloride
EXP-186,DYDCPNMLZGFQTM-UHFFFAOYSA-N__CHEMBL284,delafloxacin meglumine,delafloxacin,delafloxacin meglumine
EXP-191,DBGIVFWFUFKIQN-UHFFFAOYSA-N__CHEMBL3192,fenfluramine hydrochloride,fenfluramine,fenfluramine hydrochloride
EXP-201,GZOSMCIZMLWJML-VJLLXTKPSA-N__CHEMBL242,abiraterone acetate,abiraterone,abiraterone acetate
EXP-206,LEZWWPYKPKIXLL-UHFFFAOYSA-N__CHEMBL1908,econazole nitrate,econazole,econazole nitrate
EXP-207,LEZWWPYKPKIXLL-UHFFFAOYSA-N__CHEMBL2722,econazole nitrate,econazole,econazole nitrate
EXP-210,ZBPLOVFIXSTCRZ-UHFFFAOYSA-N__CHEMBL1856,bromfenac sodium,bromfenac,bromfenac sodium
EXP-218,GLYMPHUVMRFTFV-QLFBSQMISA-N__CHEMBL5568,ensartinib hydrochloride,ensartinib,ensartinib hydrochloride
EXP-246,NNACHAUCXXVJSP-UHFFFAOYSA-N__CHEMBL1914,pitolisant hydrochloride,pitolisant,pitolisant hydrochloride
EXP-256,NNACHAUCXXVJSP-UHFFFAOYSA-N__CHEMBL242,pitolisant hydrochloride,pitolisant,pitolisant hydrochloride
EXP-272,MXAYKZJJDUDWDS-LBPRGKRZSA-N__CHEMBL2954,ixazomib citrate,ixazomib,ixazomib citrate
EXP-277,KDGFLJKFZUIJMX-UHFFFAOYSA-N__CHEMBL5366,alectinib hydrochloride,alectinib,alectinib hydrochloride
EXP-298,RTHCYVBBDHJXIQ-UHFFFAOYSA-N__CHEMBL2039,fluoxetine hydrochloride,fluoxetine,fluoxetine hydrochloride
EXP-316,MVWVFYHBGMAFLY-UHFFFAOYSA-N__CHEMBL2285,ziprasidone hydrochloride,ziprasidone,ziprasidone hydrochloride
EXP-322,ZPUCINDJVBIVPJ-LJISPDSOSA-N__CHEMBL220,cocaine hydrochloride,cocaine,cocaine hydrochloride
EXP-344,FJZZPCZKBUKGGU-AUSIDOKSSA-N__CHEMBL6009,eliglustat tartrate,eliglustat,eliglustat tartrate
EXP-350,ZPUCINDJVBIVPJ-LJISPDSOSA-N__CHEMBL284,cocaine hydrochloride,cocaine,cocaine hydrochloride
EXP-355,PNVNVHUZROJLTJ-UHFFFAOYSA-N__CHEMBL2039,venlafaxine hydrochloride,venlafaxine,venlafaxine hydrochloride
