query_id,positives,candidates,ap,mrr,recall_5,ndcg_5,recall_10,ndcg_10,recall_20,ndcg_20,direction
26,2,384,1.0,1.0,1.0,1.0,1.0,1.0,1.0,1.0,d2t
41,1,291,0.006172839506172839,0.006172839506172839,0.0,0.0,0.0,0.0,0.0,0.0,d2t
52,1,383,0.023255813953488372,0.023255813953488372,0.0,0.0,0.0,0.0,0.0,0.0,d2t
58,1,383,0.03125,0.03125,0.0,0.0,0.0,0.0,0.0,0.0,d2t
64,1,384,0.125,0.125,0.0,0.0,1.0,0.31546487678572877,1.0,0.31546487678572877,d2t
97,1,384,0.009259259259259259,0.009259259259259259,0.0,0.0,0.0,0.0,0.0,0.0,d2t
135,5,381,0.059776239224564806,0.07692307692307693,0.0,0.0,0.0,0.0,0.2,0.0890802702182344,d2t
147,4,312,0.8409090909090909,1.0,0.75,0.8318724637288826,0.75,0.8318724637288826,1.0,0.9407662247971147,d2t
152,3,384,0.3158730158730159,0.3333333333333333,0.6666666666666666,0.41618115554873086,0.6666666666666666,0.41618115554873086,1.0,0.5362968113467822,d2t
177,1,311,1.0,1.0,1.0,1.0,1.0,1.0,1.0,1.0,d2t
183,4,384,0.7470238095238095,1.0,0.75,0.75369761125927,1.0,0.8838242945899706,1.0,0.8838242945899706,d2t
211,1,313,1.0,1.0,1.0,1.0,1.0,1.0,1.0,1.0,d2t
247,1,307,1.0,1.0,1.0,1.0,1.0,1.0,1.0,1.0,d2t
260,1,310,1.0,1.0,1.0,1.0,1.0,1.0,1.0,1.0,d2t
270,2,381,0.5769230769230769,1.0,0.5,0.6131471927654584,0.5,0.6131471927654584,1.0,0.7741900178546666,d2t
277,1,380,1.0,1.0,1.0,1.0,1.0,1.0,1.0,1.0,d2t
278,1,384,0.012345679012345678,0.012345679012345678,0.0,0.0,0.0,0.0,0.0,0.0,d2t
364,1,379,1.0,1.0,1.0,1.0,1.0,1.0,1.0,1.0,d2t
372,1,379,1.0,1.0,1.0,1.0,1.0,1.0,1.0,1.0,d2t
433,2,301,0.25757575757575757,0.3333333333333333,0.5,0.3065735963827292,0.5,0.3065735963827292,1.0,0.4776066804504473,d2t
462,1,382,0.05555555555555555,0.05555555555555555,0.0,0.0,0.0,0.0,1.0,0.23540891336663824,d2t
485,1,307,0.010101010101010102,0.010101010101010102,0.0,0.0,0.0,0.0,0.0,0.0,d2t
494,3,383,0.08216893795641424,0.058823529411764705,0.0,0.0,0.0,0.0,0.3333333333333333,0.1125388887954676,d2t
495,1,383,1.0,1.0,1.0,1.0,1.0,1.0,1.0,1.0,d2t
499,1,384,0.018867924528301886,0.018867924528301886,0.0,0.0,0.0,0.0,0.0,0.0,d2t
509,1,311,0.5,0.5,1.0,0.6309297535714575,1.0,0.6309297535714575,1.0,0.6309297535714575,d2t
515,2,383,0.8333333333333333,1.0,1.0,0.9197207891481876,1.0,0.9197207891481876,1.0,0.9197207891481876,d2t
564,1,374,0.003105590062111801,0.003105590062111801,0.0,0.0,0.0,0.0,0.0,0.0,d2t
612,1,381,1.0,1.0,1.0,1.0,1.0,1.0,1.0,1.0,d2t
614,1,384,0.2,0.2,1.0,0.38685280723454163,1.0,0.38685280723454163,1.0,0.38685280723454163,d2t
622,1,312,1.0,1.0,1.0,1.0,1.0,1.0,1.0,1.0,d2t
652,1,379,0.5,0.5,1.0,0.6309297535714575,1.0,0.6309297535714575,1.0,0.6309297535714575,d2t
680,1,376,0.007575757575757576,0.007575757575757576,0.0,0.0,0.0,0.0,0.0,0.0,d2t
686,2,383,0.017022285443338076,0.02702702702702703,0.0,0.0,0.0,0.0,0.0,0.0,d2t
25,3,707,0.3919491525423729,1.0,0.3333333333333333,0.46927872602275644,0.3333333333333333,0.46927872602275644,0.6666666666666666,0.5840880207487743,t2d
32,2,710,0.12692307692307692,0.1,0.0,0.0,0.5,0.17723928678404774,1.0,0.3382821118732559,t2d
39,4,708,0.018910338880136542,0.03225806451612903,0.0,0.0,0.0,0.0,0.0,0.0,t2d
46,1,720,0.05555555555555555,0.05555555555555555,0.0,0.0,0.0,0.0,1.0,0.23540891336663824,t2d
59,1,719,0.05555555555555555,0.05555555555555555,0.0,0.0,0.0,0.0,1.0,0.23540891336663824,t2d
64,1,701,0.05263157894736842,0.05263157894736842,0.0,0.0,0.0,0.0,1.0,0.23137821315975915,t2d
78,1,659,0.14285714285714285,0.14285714285714285,0.0,0.0,1.0,0.3333333333333333,1.0,0.3333333333333333,t2d
91,2,708,0.41666666666666663,0.5,0.5,0.38685280723454163,1.0,0.6052602440527057,1.0,0.6052602440527057,t2d
98,2,659,0.5227272727272727,1.0,0.5,0.6131471927654584,0.5,0.6131471927654584,0.5,0.6131471927654584,t2d
100,1,712,0.125,0.125,0.0,0.0,1.0,0.31546487678572877,1.0,0.31546487678572877,t2d
103,1,659,0.06666666666666667,0.06666666666666667,0.0,0.0,0.0,0.0,1.0,0.25,t2d
105,1,720,0.0026455026455026454,0.0026455026455026454,0.0,0.0,0.0,0.0,0.0,0.0,t2d
120,1,701,0.125,0.125,0.0,0.0,1.0,0.31546487678572877,1.0,0.31546487678572877,t2d
126,1,719,0.008928571428571428,0.008928571428571428,0.0,0.0,0.0,0.0,0.0,0.0,t2d
127,1,710,0.0034129692832764505,0.0034129692832764505,0.0,0.0,0.0,0.0,0.0,0.0,t2d
130,1,707,0.2,0.2,1.0,0.38685280723454163,1.0,0.38685280723454163,1.0,0.38685280723454163,t2d
150,1,705,0.045454545454545456,0.045454545454545456,0.0,0.0,0.0,0.0,0.0,0.0,t2d
171,1,706,0.1111111111111111,0.1111111111111111,0.0,0.0,1.0,0.3010299956639812,1.0,0.3010299956639812,t2d
177,1,660,0.047619047619047616,0.047619047619047616,0.0,0.0,0.0,0.0,0.0,0.0,t2d
180,1,706,0.08333333333333333,0.08333333333333333,0.0,0.0,0.0,0.0,1.0,0.27023815442731974,t2d
187,2,667,0.5833333333333333,0.5,1.0,0.6934264036172708,1.0,0.6934264036172708,1.0,0.6934264036172708,t2d
202,2,683,0.17261904761904762,0.25,0.5,0.2640681225725909,0.5,0.2640681225725909,0.5,0.2640681225725909,t2d
206,2,712,0.2669491525423729,0.5,0.5,0.38685280723454163,0.5,0.38685280723454163,0.5,0.38685280723454163,t2d
224,1,715,1.0,1.0,1.0,1.0,1.0,1.0,1.0,1.0,t2d
237,1,715,1.0,1.0,1.0,1.0,1.0,1.0,1.0,1.0,t2d
248,1,720,0.001579778830963665,0.001579778830963665,0.0,0.0,0.0,0.0,0.0,0.0,t2d
259,1,657,0.25,0.25,1.0,0.43067655807339306,1.0,0.43067655807339306,1.0,0.43067655807339306,t2d
275,1,720,0.025,0.025,0.0,0.0,0.0,0.0,0.0,0.0,t2d
283,2,713,0.08412698412698412,0.1111111111111111,0.0,0.0,0.5,0.18457569677956817,0.5,0.18457569677956817,t2d
300,1,704,0.0625,0.0625,0.0,0.0,0.0,0.0,1.0,0.24465054211822604,t2d
308,1,704,1.0,1.0,1.0,1.0,1.0,1.0,1.0,1.0,t2d
312,1,708,0.0035087719298245615,0.0035087719298245615,0.0,0.0,0.0,0.0,0.0,0.0,t2d
341,1,720,0.047619047619047616,0.047619047619047616,0.0,0.0,0.0,0.0,0.0,0.0,t2d
346,2,712,0.5037453183520599,1.0,0.5,0.6131471927654584,0.5,0.6131471927654584,0.5,0.6131471927654584,t2d
359,1,658,0.03571428571428571,0.03571428571428571,0.0,0.0,0.0,0.0,0.0,0.0,t2d
369,1,712,0.0041841004184100415,0.0041841004184100415,0.0,0.0,0.0,0.0,0.0,0.0,t2d
370,2,713,0.25432900432900435,0.5,0.5,0.38685280723454163,0.5,0.38685280723454163,0.5,0.38685280723454163,t2d
373,1,719,0.047619047619047616,0.047619047619047616,0.0,0.0,0.0,0.0,0.0,0.0,t2d
383,1,718,0.0036900369003690036,0.0036900369003690036,0.0,0.0,0.0,0.0,0.0,0.0,t2d
