drug_names,origin_areas,origin_summary,origin_status,source_urls,scope_limits
aclidinium,RESPIRATORY,COPD维持治疗；不据此扩展急性救援,LABEL_REVIEWED,https://dailymed.nlm.nih.gov/dailymed/drugInfo.cfm?setid=6f92cceb-a63f-4470-99b6-56179d98f10f,已逐药阅读所抓indications；抓取上限/制剂/地区差异使本表不是完整全球获批历史。疾病领域是人工保守归类；不含副作用及明确不适用项。
alpelisib,ONCOLOGY;MUSCULOSKELETAL_CONNECTIVE;DERMATOLOGIC;CARDIOVASCULAR,特定PIK3CA突变HR阳性HER2阴性乳癌联合治疗；另有需系统治疗的严重PROS过度生长谱,EXTERNAL_REVIEWED,https://dailymed.nlm.nih.gov/dailymed/drugInfo.cfm?setid=b20b4e18-7a4b-4500-a08f-06c6dab0ee5b;https://dailymed.nlm.nih.gov/dailymed/drugInfo.cfm?setid=638069a4-aee0-46c9-9e21-54ad449c163c;https://www.accessdata.fda.gov/drugsatfda_docs/nda/2022/215039Orig1s000MultidisciplineR.pdf,已逐药阅读所抓indications；抓取上限/制剂/地区差异使本表不是完整全球获批历史。疾病领域是人工保守归类；不含副作用及明确不适用项。PROS没有独立先天发育宏类，依原始监管描述保守映射骨/软组织、皮肤、血管；不是这些领域任意疾病获批。
amantadine,INFECTION;NEURO_PSYCHIATRIC,历史标签甲流预防/治疗；帕金森综合征及药源性锥体外系症状,LABEL_REVIEWED,https://dailymed.nlm.nih.gov/dailymed/drugInfo.cfm?setid=5119801d-a5cb-4adf-96b2-08cc3a0ba594;https://dailymed.nlm.nih.gov/dailymed/drugInfo.cfm?setid=547904f3-84a3-1ccb-e063-6294a90a6fb6;https://dailymed.nlm.nih.gov/dailymed/drugInfo.cfm?setid=da693bb0-0cc8-485d-89a7-c8cf28d440f3;https://dailymed.nlm.nih.gov/dailymed/drugInfo.cfm?setid=6326d7f5-4c7c-4541-8db1-c582f1525f60,已逐药阅读所抓indications；抓取上限/制剂/地区差异使本表不是完整全球获批历史。疾病领域是人工保守归类；不含副作用及明确不适用项。流感保留注册历史，未作当代流感用药推荐。
anastrozole,ONCOLOGY,绝经后特定激素受体状态乳癌辅助、一线及进展后治疗,LABEL_REVIEWED,https://dailymed.nlm.nih.gov/dailymed/drugInfo.cfm?setid=1d1d5818-1594-4f54-90a9-ae9a9afcdc67;https://dailymed.nlm.nih.gov/dailymed/drugInfo.cfm?setid=54da5c12-cfaf-7a14-e063-6394a90a3635;https://dailymed.nlm.nih.gov/dailymed/drugInfo.cfm?setid=58390d1f-7390-a21f-e063-6294a90a0479;https://dailymed.nlm.nih.gov/dailymed/drugInfo.cfm?setid=aabd8f88-2b52-4d43-8dc6-61605988c4dc,已逐药阅读所抓indications；抓取上限/制剂/地区差异使本表不是完整全球获批历史。疾病领域是人工保守归类；不含副作用及明确不适用项。
apomorphine,NEURO_PSYCHIATRIC,晚期帕金森病运动波动和off发作,LABEL_REVIEWED,https://dailymed.nlm.nih.gov/dailymed/drugInfo.cfm?setid=f3552b6e-5ae7-4993-aa1a-e399c4a7080a;https://dailymed.nlm.nih.gov/dailymed/drugInfo.cfm?setid=aedf70e4-1949-44bc-bf1b-0f282c4f0705,已逐药阅读所抓indications；抓取上限/制剂/地区差异使本表不是完整全球获批历史。疾病领域是人工保守归类；不含副作用及明确不适用项。
arformoterol,RESPIRATORY,COPD支气管收缩长期维持；标签明确不用于哮喘或急性恶化,LABEL_REVIEWED,https://dailymed.nlm.nih.gov/dailymed/drugInfo.cfm?setid=bb1a6643-f280-4f02-a824-0428a2b82d3c;https://dailymed.nlm.nih.gov/dailymed/drugInfo.cfm?setid=f1005878-0c48-4b9a-843e-b6cf6b8bb251;https://dailymed.nlm.nih.gov/dailymed/drugInfo.cfm?setid=e9eb1ac7-57aa-4ef8-aac3-14def5b883d0;https://dailymed.nlm.nih.gov/dailymed/drugInfo.cfm?setid=f2feda53-54b9-4e40-8a01-9e7b45cb3d8c,已逐药阅读所抓indications；抓取上限/制剂/地区差异使本表不是完整全球获批历史。疾病领域是人工保守归类；不含副作用及明确不适用项。
articaine,NEURO_PSYCHIATRIC,含肾上腺素制剂用于牙科局部浸润/传导麻醉,EXTERNAL_REVIEWED,https://dailymed.nlm.nih.gov/dailymed/drugInfo.cfm?setid=c4bba4ab-2b20-43e6-92ea-9ec6f1fce754,已逐药阅读所抓indications；抓取上限/制剂/地区差异使本表不是完整全球获批历史。疾病领域是人工保守归类；不含副作用及明确不适用项。复方牙科局麻，神经宏类仅代表麻醉症状干预，非神经变性治疗。
atrasentan,RENAL_URINARY;IMMUNE_INFLAMMATORY,高进展风险原发IgA肾病降低蛋白尿；未证实减缓肾功能下降,LABEL_REVIEWED,https://dailymed.nlm.nih.gov/dailymed/drugInfo.cfm?setid=9a7e7f85-bfd0-44a0-beda-3bcfa8215c64,已逐药阅读所抓indications；抓取上限/制剂/地区差异使本表不是完整全球获批历史。疾病领域是人工保守归类；不含副作用及明确不适用项。
baclofen,NEURO_PSYCHIATRIC,MS或脊髓疾病相关痉挛症状；不把风湿性肌痉挛和未获证实的卒中用途计入,LABEL_REVIEWED,https://dailymed.nlm.nih.gov/dailymed/drugInfo.cfm?setid=4e2cd27d-91c7-4f15-96cc-3971769dbeaa;https://dailymed.nlm.nih.gov/dailymed/drugInfo.cfm?setid=c2e1d183-7061-459b-a631-206b06d12753;https://dailymed.nlm.nih.gov/dailymed/drugInfo.cfm?setid=aeb56b0e-7126-4417-b726-e8a54f73de3f;https://dailymed.nlm.nih.gov/dailymed/drugInfo.cfm?setid=c17527be-661d-42f5-b6f6-56a681ba7870,已逐药阅读所抓indications；抓取上限/制剂/地区差异使本表不是完整全球获批历史。疾病领域是人工保守归类；不含副作用及明确不适用项。
bazedoxifene,ENDOCRINE_METABOLIC_REPRODUCTIVE;MUSCULOSKELETAL_CONNECTIVE,美国结合雌激素复方治疗绝经血管舒缩症状/预防骨质疏松；欧盟单药治疗绝经后骨质疏松,EXTERNAL_REVIEWED,https://dailymed.nlm.nih.gov/dailymed/drugInfo.cfm?setid=e16705d8-4472-4f83-96ac-69fa2be066cb;https://www.ema.europa.eu/en/medicines/human/EPAR/conbriza,已逐药阅读所抓indications；抓取上限/制剂/地区差异使本表不是完整全球获批历史。疾病领域是人工保守归类；不含副作用及明确不适用项。抓取误标single-drug，实际DUAVEE为复方；另查欧盟单药。
benoxinate,EYE_ENT,与荧光素复方用于需要示踪及局部眼麻醉的眼科操作,EXTERNAL_REVIEWED,https://dailymed.nlm.nih.gov/dailymed/drugInfo.cfm?setid=1797c5ef-66c4-4cf8-b62d-b484242be2ee,已逐药阅读所抓indications；抓取上限/制剂/地区差异使本表不是完整全球获批历史。疾病领域是人工保守归类；不含副作用及明确不适用项。复方示踪/麻醉，不作眼病治疗。
binimetinib,ONCOLOGY,BRAF特定突变黑色素瘤和NSCLC联合encorafenib治疗,LABEL_REVIEWED,https://dailymed.nlm.nih.gov/dailymed/drugInfo.cfm?setid=6c3408ac-d401-4925-8a03-26591afbc240,已逐药阅读所抓indications；抓取上限/制剂/地区差异使本表不是完整全球获批历史。疾病领域是人工保守归类；不含副作用及明确不适用项。
brivaracetam,NEURO_PSYCHIATRIC,局灶起始癫痫发作,LABEL_REVIEWED,https://dailymed.nlm.nih.gov/dailymed/drugInfo.cfm?setid=3cf2f439-0e97-443e-8e33-25ecef616f6c;https://dailymed.nlm.nih.gov/dailymed/drugInfo.cfm?setid=11ca0e1d-1c0d-4357-9ebd-ee1e87185dde;https://dailymed.nlm.nih.gov/dailymed/drugInfo.cfm?setid=57cfb2c3-395d-0892-e063-6294a90a1064;https://dailymed.nlm.nih.gov/dailymed/drugInfo.cfm?setid=49f726ec-e51b-7516-e063-6294a90ae684,已逐药阅读所抓indications；抓取上限/制剂/地区差异使本表不是完整全球获批历史。疾病领域是人工保守归类；不含副作用及明确不适用项。
cabotegravir,INFECTION,HIV暴露前预防及特定已抑制患者联合rilpivirine短期治疗/注射前导或桥接,LABEL_REVIEWED,https://dailymed.nlm.nih.gov/dailymed/drugInfo.cfm?setid=4338428e-43d4-4e02-ac9d-bd98e738a7da;https://dailymed.nlm.nih.gov/dailymed/drugInfo.cfm?setid=66d450fb-cca4-476c-b0c7-c0730e3e4cf3,已逐药阅读所抓indications；抓取上限/制剂/地区差异使本表不是完整全球获批历史。疾病领域是人工保守归类；不含副作用及明确不适用项。
carbinoxamine,IMMUNE_INFLAMMATORY;EYE_ENT;DERMATOLOGIC,过敏性/血管运动性鼻炎、过敏结膜炎、荨麻疹/血管水肿/皮肤划痕；过敏反应和输血过敏辅助,LABEL_REVIEWED,https://dailymed.nlm.nih.gov/dailymed/drugInfo.cfm?setid=199f46e5-6288-5627-e063-6294a90ae086;https://dailymed.nlm.nih.gov/dailymed/drugInfo.cfm?setid=c40b3f4e-2d71-41a1-a1fc-f64f38724879;https://dailymed.nlm.nih.gov/dailymed/drugInfo.cfm?setid=163db29b-f035-6696-e063-6294a90a7e06;https://dailymed.nlm.nih.gov/dailymed/drugInfo.cfm?setid=14266e97-674b-b6a9-37a2-a955f0a01c4f,已逐药阅读所抓indications；抓取上限/制剂/地区差异使本表不是完整全球获批历史。疾病领域是人工保守归类；不含副作用及明确不适用项。
choline fenofibrate;fenofibrate,ENDOCRINE_METABOLIC_REPRODUCTIVE,高胆固醇/混合血脂异常和重度高甘油三酯血症,EXTERNAL_REVIEWED,https://dailymed.nlm.nih.gov/dailymed/drugInfo.cfm?setid=84b2af1b-365e-4723-ac5f-bc826ec47772,已逐药阅读所抓indications；抓取上限/制剂/地区差异使本表不是完整全球获批历史。疾病领域是人工保守归类；不含副作用及明确不适用项。合并名可能混入fenofibric acid胆碱盐和fenofibrate酯；仅原用途领域可判定，精确试验物种另核。
clobazam,NEURO_PSYCHIATRIC,Lennox-Gastaut综合征相关癫痫辅助,LABEL_REVIEWED,https://dailymed.nlm.nih.gov/dailymed/drugInfo.cfm?setid=fd1e63bf-496c-427c-83b7-6acabc00a5e5;https://dailymed.nlm.nih.gov/dailymed/drugInfo.cfm?setid=07e0ae51-cc71-427f-83cb-311b7fcc5993;https://dailymed.nlm.nih.gov/dailymed/drugInfo.cfm?setid=6783eaa8-e236-4957-aaa9-b42bf8e709a7;https://dailymed.nlm.nih.gov/dailymed/drugInfo.cfm?setid=721dde68-db83-4dad-8649-8046cb455372,已逐药阅读所抓indications；抓取上限/制剂/地区差异使本表不是完整全球获批历史。疾病领域是人工保守归类；不含副作用及明确不适用项。
colchicine,ENDOCRINE_METABOLIC_REPRODUCTIVE;MUSCULOSKELETAL_CONNECTIVE;IMMUNE_INFLAMMATORY;CARDIOVASCULAR,痛风发作预防/治疗、家族性地中海热；LODOCO心脑血管事件及死亡风险降低,LABEL_REVIEWED,https://dailymed.nlm.nih.gov/dailymed/drugInfo.cfm?setid=5a0b4246-e7dd-29e5-e063-6294a90a2871;https://dailymed.nlm.nih.gov/dailymed/drugInfo.cfm?setid=ac12e420-9f29-018e-e053-2a95a90ab612;https://dailymed.nlm.nih.gov/dailymed/drugInfo.cfm?setid=ff06d68f-d65f-d097-e053-6294a90a7e5f;https://dailymed.nlm.nih.gov/dailymed/drugInfo.cfm?setid=5c1ceff7-8f00-48cc-8ea4-678106455ff1,已逐药阅读所抓indications；抓取上限/制剂/地区差异使本表不是完整全球获批历史。疾病领域是人工保守归类；不含副作用及明确不适用项。
crisaborole,DERMATOLOGIC;IMMUNE_INFLAMMATORY,轻中度特应性皮炎局部治疗,LABEL_REVIEWED,https://dailymed.nlm.nih.gov/dailymed/drugInfo.cfm?setid=609b77de-1ca3-4783-b8f5-01a9c0f1d77d,已逐药阅读所抓indications；抓取上限/制剂/地区差异使本表不是完整全球获批历史。疾病领域是人工保守归类；不含副作用及明确不适用项。
darunavir,INFECTION,与ritonavir及其他抗逆转录病毒药合用治疗HIV,LABEL_REVIEWED,https://dailymed.nlm.nih.gov/dailymed/drugInfo.cfm?setid=e80e44f8-1987-4b78-a63d-a4e4d5122ddb;https://dailymed.nlm.nih.gov/dailymed/drugInfo.cfm?setid=42cc1b58-2660-f0be-e063-6394a90abe4c;https://dailymed.nlm.nih.gov/dailymed/drugInfo.cfm?setid=56daf67e-7501-4cd5-be22-566d7997d42e;https://dailymed.nlm.nih.gov/dailymed/drugInfo.cfm?setid=814301f9-c990-46a5-b481-2879a521a16f,已逐药阅读所抓indications；抓取上限/制剂/地区差异使本表不是完整全球获批历史。疾病领域是人工保守归类；不含副作用及明确不适用项。
desoximetasone,DERMATOLOGIC;IMMUNE_INFLAMMATORY,糖皮质激素敏感皮肤病炎症/瘙痒,LABEL_REVIEWED,https://dailymed.nlm.nih.gov/dailymed/drugInfo.cfm?setid=827aee22-cf48-477c-8791-c74f16da954d;https://dailymed.nlm.nih.gov/dailymed/drugInfo.cfm?setid=c84c7168-3d46-4e05-a25c-3d594ff94268;https://dailymed.nlm.nih.gov/dailymed/drugInfo.cfm?setid=54743c9d-badd-47ce-bf86-6a8c398f7f07;https://dailymed.nlm.nih.gov/dailymed/drugInfo.cfm?setid=fdee36f3-7630-4298-ab7c-f5f8ff7c4c04,已逐药阅读所抓indications；抓取上限/制剂/地区差异使本表不是完整全球获批历史。疾病领域是人工保守归类；不含副作用及明确不适用项。
deutivacaftor;ivacaftor,RESPIRATORY,符合CFTR变异条件的囊性纤维化；deutivacaftor为ALYFTREK复方成分，ivacaftor另有单药KALYDECO,EXTERNAL_REVIEWED,https://dailymed.nlm.nih.gov/dailymed/drugInfo.cfm?setid=7e635909-c6fd-4f0d-ae77-cdff03653a20;https://dailymed.nlm.nih.gov/dailymed/drugInfo.cfm?setid=0ab0c9f8-3eee-4e0f-9f3f-c1e16aaffe25,已逐药阅读所抓indications；抓取上限/制剂/地区差异使本表不是完整全球获批历史。疾病领域是人工保守归类；不含副作用及明确不适用项。氘代体与非氘代体不可自动合一；仅两者囊性纤维化原领域均明确。
dextromethorphan,RESPIRATORY;NEURO_PSYCHIATRIC,单药镇咳；与quinidine复方治疗假性延髓情感；与bupropion复方治疗MDD及AD痴呆相关激越,EXTERNAL_REVIEWED,https://dailymed.nlm.nih.gov/dailymed/drugInfo.cfm?setid=47b713bd-4c1e-f44a-e063-6294a90a63d3;https://dailymed.nlm.nih.gov/dailymed/fda/fdaDrugXsl.cfm?setid=dcefda7c-9a68-278e-e053-2995a90aec79;https://dailymed.nlm.nih.gov/dailymed/fda/fdaDrugXsl.cfm?setid=484e0918-3442-49dc-8ccf-177f1f3ee9f3,已逐药阅读所抓indications；抓取上限/制剂/地区差异使本表不是完整全球获批历史。疾病领域是人工保守归类；不含副作用及明确不适用项。区分OTC单药与神经复方；复方适应症不等于单药获批。
diltiazem,CARDIOVASCULAR,高血压、慢性稳定/冠痉挛心绞痛；注射用于房颤/房扑心率控制及PSVT转复,LABEL_REVIEWED,https://dailymed.nlm.nih.gov/dailymed/drugInfo.cfm?setid=5a0f67ad-17d8-a3f4-e063-6394a90afb32;https://dailymed.nlm.nih.gov/dailymed/drugInfo.cfm?setid=fc02db0f-5311-4b61-896e-bfe340832735;https://dailymed.nlm.nih.gov/dailymed/drugInfo.cfm?setid=59464700-f7f1-6ab0-e063-6394a90aa778;https://dailymed.nlm.nih.gov/dailymed/drugInfo.cfm?setid=c567fe7e-887e-4291-a0d1-2dd3f25cbf25,已逐药阅读所抓indications；抓取上限/制剂/地区差异使本表不是完整全球获批历史。疾病领域是人工保守归类；不含副作用及明确不适用项。
donepezil,NEURO_PSYCHIATRIC,轻中重度阿尔茨海默型痴呆,LABEL_REVIEWED,https://dailymed.nlm.nih.gov/dailymed/drugInfo.cfm?setid=0516d548-db9b-410a-aec9-79aedbc3f6e9;https://dailymed.nlm.nih.gov/dailymed/drugInfo.cfm?setid=a085ed33-c262-44ab-e053-2a95a90a5557;https://dailymed.nlm.nih.gov/dailymed/drugInfo.cfm?setid=c942a4c9-dbe5-4131-bb6c-aa2d31b387e7;https://dailymed.nlm.nih.gov/dailymed/drugInfo.cfm?setid=8138f616-83f3-4c47-84ef-1bce2db339f7,已逐药阅读所抓indications；抓取上限/制剂/地区差异使本表不是完整全球获批历史。疾病领域是人工保守归类；不含副作用及明确不适用项。
dronabinol,GASTROINTESTINAL;ONCOLOGY;INFECTION,AIDS相关厌食体重下降及难治化疗恶心呕吐的支持治疗；不治疗HIV或癌症本体,LABEL_REVIEWED,https://dailymed.nlm.nih.gov/dailymed/drugInfo.cfm?setid=fd8c5d57-0173-4f62-8ff0-d8147986a976;https://dailymed.nlm.nih.gov/dailymed/drugInfo.cfm?setid=adb1801c-0fb5-4e16-b969-1db91230e0b9;https://dailymed.nlm.nih.gov/dailymed/drugInfo.cfm?setid=a7801c70-995d-46a2-91ee-141ef427c6b5;https://dailymed.nlm.nih.gov/dailymed/drugInfo.cfm?setid=66f36fe0-9808-4b73-a99a-794d86ff0c1c,已逐药阅读所抓indications；抓取上限/制剂/地区差异使本表不是完整全球获批历史。疾病领域是人工保守归类；不含副作用及明确不适用项。ONCOLOGY/INFECTION仅支持治疗场景，不是癌症/病毒病直接治疗。
duvelisib,ONCOLOGY,经至少两线治疗的复发难治CLL/SLL；不将标签明确不推荐的一/二线计入,LABEL_REVIEWED,https://dailymed.nlm.nih.gov/dailymed/drugInfo.cfm?setid=e3c5ac56-e1f6-473a-bc73-687836534780,已逐药阅读所抓indications；抓取上限/制剂/地区差异使本表不是完整全球获批历史。疾病领域是人工保守归类；不含副作用及明确不适用项。
elexacaftor,RESPIRATORY,TRIKAFTA复方治疗符合CFTR条件的囊性纤维化,EXTERNAL_REVIEWED,https://dailymed.nlm.nih.gov/dailymed/fda/fdaDrugXsl.cfm?setid=f354423a-85c2-41c3-a9db-0f3aee135d8d&type=display,已逐药阅读所抓indications；抓取上限/制剂/地区差异使本表不是完整全球获批历史。疾病领域是人工保守归类；不含副作用及明确不适用项。仅复方成分；不能声称单药获批治疗CF。
enasidenib,ONCOLOGY,IDH2突变复发难治AML,LABEL_REVIEWED,https://dailymed.nlm.nih.gov/dailymed/drugInfo.cfm?setid=a5b4cdf0-3fa8-4c6c-80f6-8d8a00e3a5b6,已逐药阅读所抓indications；抓取上限/制剂/地区差异使本表不是完整全球获批历史。疾病领域是人工保守归类；不含副作用及明确不适用项。
esketamine,NEURO_PSYCHIATRIC,难治抑郁及伴急性自杀意念/行为的MDD抑郁症状；不是已证实自杀预防，也非标签麻醉,LABEL_REVIEWED,https://dailymed.nlm.nih.gov/dailymed/drugInfo.cfm?setid=d81a6a79-a74a-44b7-822c-0dfa3036eaed,已逐药阅读所抓indications；抓取上限/制剂/地区差异使本表不是完整全球获批历史。疾病领域是人工保守归类；不含副作用及明确不适用项。
etravirine,INFECTION,经治HIV患者联合抗逆转录病毒治疗,LABEL_REVIEWED,https://dailymed.nlm.nih.gov/dailymed/drugInfo.cfm?setid=ea3856f6-fedf-ee88-e053-2a95a90a33ce;https://dailymed.nlm.nih.gov/dailymed/drugInfo.cfm?setid=458bb39e-2e87-b4b4-e063-6394a90ae867;https://dailymed.nlm.nih.gov/dailymed/drugInfo.cfm?setid=4e009f19-4609-4020-bee1-dc27c504046c;https://dailymed.nlm.nih.gov/dailymed/drugInfo.cfm?setid=50ca19cb-0f43-4d7b-8c9e-8b3aaded0546,已逐药阅读所抓indications；抓取上限/制剂/地区差异使本表不是完整全球获批历史。疾病领域是人工保守归类；不含副作用及明确不适用项。
flunisolide,EYE_ENT;RESPIRATORY;IMMUNE_INFLAMMATORY,季节/常年鼻炎鼻部症状；AEROSPAN历史标签哮喘维持及减少口服激素需求,EXTERNAL_REVIEWED,https://dailymed.nlm.nih.gov/dailymed/drugInfo.cfm?setid=50d87523-e1fb-4342-825f-9dba972c6a25;https://dailymed.nlm.nih.gov/dailymed/drugInfo.cfm?setid=f39cae46-c68f-47ef-82f3-4fd3dd46c74c;https://www.accessdata.fda.gov/drugsatfda_docs/label/2018/021247s017lbl.pdf,已逐药阅读所抓indications；抓取上限/制剂/地区差异使本表不是完整全球获批历史。疾病领域是人工保守归类；不含副作用及明确不适用项。补核历史吸入哮喘标签，未声明当前销售状态。
furosemide,CARDIOVASCULAR;RENAL_URINARY;GASTROINTESTINAL;RESPIRATORY,心衰/肝硬化/肾病相关水肿、高血压；急性肺水肿辅助，非各器官原病通用治疗,LABEL_REVIEWED,https://dailymed.nlm.nih.gov/dailymed/drugInfo.cfm?setid=dba00759-87b4-4ecf-998e-ba03ed3d2f1a;https://dailymed.nlm.nih.gov/dailymed/drugInfo.cfm?setid=58cc1e38-6000-1489-e063-6394a90a5978;https://dailymed.nlm.nih.gov/dailymed/drugInfo.cfm?setid=7cdcd001-ab4b-4210-a455-2e17a7bc4972;https://dailymed.nlm.nih.gov/dailymed/drugInfo.cfm?setid=3d312ab0-589c-427b-84da-18887244bfc9,已逐药阅读所抓indications；抓取上限/制剂/地区差异使本表不是完整全球获批历史。疾病领域是人工保守归类；不含副作用及明确不适用项。
gepirone,NEURO_PSYCHIATRIC,成人MDD,LABEL_REVIEWED,https://dailymed.nlm.nih.gov/dailymed/drugInfo.cfm?setid=0c78edd8-6acb-433c-9d34-2527da8d64e1,已逐药阅读所抓indications；抓取上限/制剂/地区差异使本表不是完整全球获批历史。疾病领域是人工保守归类；不含副作用及明确不适用项。
glimepiride,ENDOCRINE_METABOLIC_REPRODUCTIVE,成人2型糖尿病血糖控制；不包括1型及酮症酸中毒,LABEL_REVIEWED,https://dailymed.nlm.nih.gov/dailymed/drugInfo.cfm?setid=fc9d8495-184c-3af1-e053-6394a90a5e29;https://dailymed.nlm.nih.gov/dailymed/drugInfo.cfm?setid=9e863f84-d6f2-4d61-8250-774569e84353;https://dailymed.nlm.nih.gov/dailymed/drugInfo.cfm?setid=cc2bc07f-3fab-4df1-85cc-dc0c8e60b4fa;https://dailymed.nlm.nih.gov/dailymed/drugInfo.cfm?setid=744a5cca-7863-491a-b43a-1b649791702c,已逐药阅读所抓indications；抓取上限/制剂/地区差异使本表不是完整全球获批历史。疾病领域是人工保守归类；不含副作用及明确不适用项。
hydroxychloroquine,INFECTION;IMMUNE_INFLAMMATORY;MUSCULOSKELETAL_CONNECTIVE;DERMATOLOGIC,敏感疟原虫疟疾治疗/预防；类风湿关节炎、系统性及盘状红斑狼疮,LABEL_REVIEWED,https://dailymed.nlm.nih.gov/dailymed/drugInfo.cfm?setid=ebe00e35-ed3d-40f4-9a93-a37b0da01ddb;https://dailymed.nlm.nih.gov/dailymed/drugInfo.cfm?setid=da435181-0c5a-4188-8d59-51234116b005;https://dailymed.nlm.nih.gov/dailymed/drugInfo.cfm?setid=68d6439d-b927-47e6-86ef-20e572e81941;https://dailymed.nlm.nih.gov/dailymed/drugInfo.cfm?setid=6971241c-8323-456e-91a4-a404a9e100de,已逐药阅读所抓indications；抓取上限/制剂/地区差异使本表不是完整全球获批历史。疾病领域是人工保守归类；不含副作用及明确不适用项。
imipenem,INFECTION,与cilastatin合用治疗敏感菌严重感染,EXTERNAL_REVIEWED,https://dailymed.nlm.nih.gov/dailymed/drugInfo.cfm?setid=f41d8abd-7792-4918-1b93-bd83ea01955e,已逐药阅读所抓indications；抓取上限/制剂/地区差异使本表不是完整全球获批历史。疾病领域是人工保守归类；不含副作用及明确不适用项。cilastatin复方，不能将协同给药要求删除。
indapamide,CARDIOVASCULAR,高血压、充血心衰盐水潴留；不把正常妊娠水肿/子痫预防记作常规用途,LABEL_REVIEWED,https://dailymed.nlm.nih.gov/dailymed/drugInfo.cfm?setid=59cd3331-7afe-432a-8b50-39533fd5f392;https://dailymed.nlm.nih.gov/dailymed/drugInfo.cfm?setid=25b5bb79-400d-e266-e063-6394a90abfd8;https://dailymed.nlm.nih.gov/dailymed/drugInfo.cfm?setid=0687ed93-4761-4f9c-887d-95309c03f60e,已逐药阅读所抓indications；抓取上限/制剂/地区差异使本表不是完整全球获批历史。疾病领域是人工保守归类；不含副作用及明确不适用项。
ivosidenib,ONCOLOGY,特定IDH1突变AML、MDS及经治胆管癌,LABEL_REVIEWED,https://dailymed.nlm.nih.gov/dailymed/drugInfo.cfm?setid=65d254c0-67ad-42c4-b972-ad463b755b2d,已逐药阅读所抓indications；抓取上限/制剂/地区差异使本表不是完整全球获批历史。疾病领域是人工保守归类；不含副作用及明确不适用项。
labetalol,CARDIOVASCULAR,高血压/严重高血压控制；风险管理中的糖尿病等不是本药适应症,LABEL_REVIEWED,https://dailymed.nlm.nih.gov/dailymed/drugInfo.cfm?setid=e2e50571-d8c1-43e7-b90f-877ba1c35c9b;https://dailymed.nlm.nih.gov/dailymed/drugInfo.cfm?setid=5954cc5c-3e73-e039-e063-6394a90a7d6a;https://dailymed.nlm.nih.gov/dailymed/drugInfo.cfm?setid=abfc6b75-1ed5-41f1-0484-4597488237bc;https://dailymed.nlm.nih.gov/dailymed/drugInfo.cfm?setid=30281c4d-2fd1-167a-e063-6294a90a77c4,已逐药阅读所抓indications；抓取上限/制剂/地区差异使本表不是完整全球获批历史。疾病领域是人工保守归类；不含副作用及明确不适用项。
larotrectinib,ONCOLOGY,符合NTRK融合及晚期/手术代价等条件的实体瘤，不按器官拆跨类,LABEL_REVIEWED,https://dailymed.nlm.nih.gov/dailymed/drugInfo.cfm?setid=0c8ca614-58b2-4aa4-83d3-0387a8f782fd;https://dailymed.nlm.nih.gov/dailymed/drugInfo.cfm?setid=9525f887-a055-4e33-8e92-898d42828cd1,已逐药阅读所抓indications；抓取上限/制剂/地区差异使本表不是完整全球获批历史。疾病领域是人工保守归类；不含副作用及明确不适用项。
lesinurad,ENDOCRINE_METABOLIC_REPRODUCTIVE;MUSCULOSKELETAL_CONNECTIVE,与黄嘌呤氧化酶抑制剂联合治疗未达标的痛风高尿酸血症,EXTERNAL_REVIEWED,https://www.accessdata.fda.gov/drugsatfda_docs/label/2015/207988lbl.pdf,已逐药阅读所抓indications；抓取上限/制剂/地区差异使本表不是完整全球获批历史。疾病领域是人工保守归类；不含副作用及明确不适用项。历史2015获批用途；未据此断言现仍在售。
lidocaine,NEURO_PSYCHIATRIC;CARDIOVASCULAR,局部/区域/黏膜麻醉及局部镇痛；静脉用于急性室性心律失常,EXTERNAL_REVIEWED,https://dailymed.nlm.nih.gov/dailymed/drugInfo.cfm?setid=6f8d20d2-6a91-4a5b-bfe8-f1baada38442;https://dailymed.nlm.nih.gov/dailymed/drugInfo.cfm?setid=1986c302-82a0-95a9-e063-6294a90a3339;https://dailymed.nlm.nih.gov/dailymed/drugInfo.cfm?setid=9920daef-b156-4a14-b641-f714191ffb5c;https://dailymed.nlm.nih.gov/dailymed/drugInfo.cfm?setid=dfef4554-aeb4-4bdf-9557-648d3e84af3c;https://dailymed.nlm.nih.gov/dailymed/fda/fdaDrugXsl.cfm?setid=6947af02-f4e0-7f9c-e053-2a91aa0a45cd,已逐药阅读所抓indications；抓取上限/制剂/地区差异使本表不是完整全球获批历史。疾病领域是人工保守归类；不含副作用及明确不适用项。
lisinopril,CARDIOVASCULAR,高血压、收缩性心衰辅助、急性心梗降低死亡；卒中风险降低属CV收益,LABEL_REVIEWED,https://dailymed.nlm.nih.gov/dailymed/drugInfo.cfm?setid=34bb4602-ccff-4939-91b9-26a63bfd40f7;https://dailymed.nlm.nih.gov/dailymed/drugInfo.cfm?setid=0e6364a4-6d66-4151-8197-d45e2a762895;https://dailymed.nlm.nih.gov/dailymed/drugInfo.cfm?setid=6051cc96-86e0-bd0b-e053-2a91aa0a5dcf;https://dailymed.nlm.nih.gov/dailymed/drugInfo.cfm?setid=42f49299-7ae5-4d30-86eb-66b739c0e95d,已逐药阅读所抓indications；抓取上限/制剂/地区差异使本表不是完整全球获批历史。疾病领域是人工保守归类；不含副作用及明确不适用项。
losartan,CARDIOVASCULAR;RENAL_URINARY;ENDOCRINE_METABOLIC_REPRODUCTIVE,高血压、特定高血压伴左室肥厚卒中风险降低、2型糖尿病肾病,LABEL_REVIEWED,https://dailymed.nlm.nih.gov/dailymed/drugInfo.cfm?setid=a397502e-abe7-49cf-97c7-d53a616947eb;https://dailymed.nlm.nih.gov/dailymed/drugInfo.cfm?setid=021cd76a-b093-4704-8410-5e7d01e20a54;https://dailymed.nlm.nih.gov/dailymed/drugInfo.cfm?setid=e136356b-e4d2-4e00-a409-35825c5637c9;https://dailymed.nlm.nih.gov/dailymed/drugInfo.cfm?setid=c43e9dc6-2c8a-47d7-b40d-eb55dfe11a51,已逐药阅读所抓indications；抓取上限/制剂/地区差异使本表不是完整全球获批历史。疾病领域是人工保守归类；不含副作用及明确不适用项。
luliconazole,INFECTION;DERMATOLOGIC,足癣/股癣/体癣局部抗真菌治疗,LABEL_REVIEWED,https://dailymed.nlm.nih.gov/dailymed/drugInfo.cfm?setid=7ccda3ba-9c98-468d-83c6-7f0cc7c88c33;https://dailymed.nlm.nih.gov/dailymed/drugInfo.cfm?setid=a7016010-ce43-4c09-8d21-aeb697ffed31,已逐药阅读所抓indications；抓取上限/制剂/地区差异使本表不是完整全球获批历史。疾病领域是人工保守归类；不含副作用及明确不适用项。
mebendazole,INFECTION,肠道蠕虫感染；VERMOX蛔/鞭虫，EMVERM另含蛲/钩虫,EXTERNAL_REVIEWED,https://dailymed.nlm.nih.gov/dailymed/drugInfo.cfm?setid=a720c424-517a-461b-8e13-6c37caf8aa3f;https://dailymed.nlm.nih.gov/dailymed/drugInfo.cfm?setid=a8c46363-f739-4f6e-bca8-1ce5e8d3f78d,已逐药阅读所抓indications；抓取上限/制剂/地区差异使本表不是完整全球获批历史。疾病领域是人工保守归类；不含副作用及明确不适用项。
meropenem,INFECTION,复杂皮肤/腹腔细菌感染及儿童细菌性脑膜炎；含vaborbactam复方另有cUTI,LABEL_REVIEWED,https://dailymed.nlm.nih.gov/dailymed/drugInfo.cfm?setid=8a2a545e-b336-416a-be73-9e0a7ccf6177;https://dailymed.nlm.nih.gov/dailymed/drugInfo.cfm?setid=e8848f4a-bca9-4978-b0a1-38483fd4d639;https://dailymed.nlm.nih.gov/dailymed/drugInfo.cfm?setid=e237fd0f-3050-42a3-b43e-b6fb4824e93d;https://dailymed.nlm.nih.gov/dailymed/drugInfo.cfm?setid=240325ba-47a8-4ad1-bcab-6772069ee790,已逐药阅读所抓indications；抓取上限/制剂/地区差异使本表不是完整全球获批历史。疾病领域是人工保守归类；不含副作用及明确不适用项。输入含VABOMERE复方；保留感染宏类，不把复方cUTI归单体独立批准。
methylnaltrexone,GASTROINTESTINAL;ONCOLOGY,阿片诱导便秘，含晚期疾病/活动癌痛姑息场景；不治疗癌症本体,LABEL_REVIEWED,https://dailymed.nlm.nih.gov/dailymed/drugInfo.cfm?setid=c488fb7c-0a5b-487c-b452-996809d1cb99,已逐药阅读所抓indications；抓取上限/制剂/地区差异使本表不是完整全球获批历史。疾病领域是人工保守归类；不含副作用及明确不适用项。ONCOLOGY仅癌痛阿片便秘姑息支持场景，不是抗癌。
migalastat,ENDOCRINE_METABOLIC_REPRODUCTIVE,特定可响应GLA变异Fabry病；肾底物终点不等于独立全部肾病用途,LABEL_REVIEWED,https://dailymed.nlm.nih.gov/dailymed/drugInfo.cfm?setid=66dbd928-0f1c-48b1-a832-54e4abd9f1db,已逐药阅读所抓indications；抓取上限/制剂/地区差异使本表不是完整全球获批历史。疾病领域是人工保守归类；不含副作用及明确不适用项。
morphine,NEURO_PSYCHIATRIC,需要阿片治疗的严重急/慢性疼痛；非针对所有致痛原发病的治疗,LABEL_REVIEWED,https://dailymed.nlm.nih.gov/dailymed/drugInfo.cfm?setid=533034fd-c8e7-495b-8874-0db41bd1e65a;https://dailymed.nlm.nih.gov/dailymed/drugInfo.cfm?setid=67f0ee8d-696e-4c08-9007-3df0e3988bad;https://dailymed.nlm.nih.gov/dailymed/drugInfo.cfm?setid=69a0d5be-3211-4b7f-962b-e9d9a507321f;https://dailymed.nlm.nih.gov/dailymed/drugInfo.cfm?setid=c354b3bf-86c0-4bb8-8b1f-be2164942698,已逐药阅读所抓indications；抓取上限/制剂/地区差异使本表不是完整全球获批历史。疾病领域是人工保守归类；不含副作用及明确不适用项。
naltrexone,NEURO_PSYCHIATRIC;ENDOCRINE_METABOLIC_REPRODUCTIVE,酒精依赖及外源阿片作用阻断；CONTRAVE与bupropion复方长期体重管理,EXTERNAL_REVIEWED,https://dailymed.nlm.nih.gov/dailymed/drugInfo.cfm?setid=57e8b767-54c2-dfa3-e063-6394a90ae6c2;https://dailymed.nlm.nih.gov/dailymed/drugInfo.cfm?setid=f821dd49-3fa7-4d33-99de-19023ff1ae65;https://dailymed.nlm.nih.gov/dailymed/drugInfo.cfm?setid=57439bad-00f0-5696-e063-6294a90a2ea5;https://dailymed.nlm.nih.gov/dailymed/drugInfo.cfm?setid=adb7c4dc-221a-4d91-9687-0d78913a92ad;https://dailymed.nlm.nih.gov/dailymed/drugInfo.cfm?setid=485ff360-32c8-11df-928b-0002a5d5c51b,已逐药阅读所抓indications；抓取上限/制剂/地区差异使本表不是完整全球获批历史。疾病领域是人工保守归类；不含副作用及明确不适用项。体重管理为与bupropion复方，不宣称本药单体获批减肥。
nicotine polacrilex,NEURO_PSYCHIATRIC,戒烟尼古丁渴求与戒断症状,LABEL_REVIEWED,https://dailymed.nlm.nih.gov/dailymed/drugInfo.cfm?setid=5a94092b-f80e-c656-e063-6294a90ab15a;https://dailymed.nlm.nih.gov/dailymed/drugInfo.cfm?setid=ec341a77-5b62-4980-8d31-27c12ae92561,已逐药阅读所抓indications；抓取上限/制剂/地区差异使本表不是完整全球获批历史。疾病领域是人工保守归类；不含副作用及明确不适用项。
olanzapine,NEURO_PSYCHIATRIC,精神分裂症、双相I躁狂/混合/维持及相关急性激越；与fluoxetine联合双相抑郁/难治抑郁,LABEL_REVIEWED,https://dailymed.nlm.nih.gov/dailymed/drugInfo.cfm?setid=63bcfe98-d1fc-4cd7-9212-f59ee4dcc6d1;https://dailymed.nlm.nih.gov/dailymed/drugInfo.cfm?setid=c47ee16f-5a86-49f2-8d85-5f49a6c8d91e;https://dailymed.nlm.nih.gov/dailymed/drugInfo.cfm?setid=38a89689-efc2-4931-8f65-868dc0248d6a;https://dailymed.nlm.nih.gov/dailymed/drugInfo.cfm?setid=5ba67321-6988-46ea-97a0-549954e2c405,已逐药阅读所抓indications；抓取上限/制剂/地区差异使本表不是完整全球获批历史。疾病领域是人工保守归类；不含副作用及明确不适用项。
olmesartan,CARDIOVASCULAR,高血压；标签为medoxomil前药，含HCT复方条目仍同用途,LABEL_REVIEWED,https://dailymed.nlm.nih.gov/dailymed/drugInfo.cfm?setid=1be698df-30a0-4117-8c24-7253af94c8ad;https://dailymed.nlm.nih.gov/dailymed/drugInfo.cfm?setid=812d2d57-14d6-48a9-9687-85c2d125197e;https://dailymed.nlm.nih.gov/dailymed/drugInfo.cfm?setid=6b8585a2-22e0-4a4f-a1c3-24bcdec01834;https://dailymed.nlm.nih.gov/dailymed/drugInfo.cfm?setid=569596a2-98f0-116a-e063-6294a90a3fa1,已逐药阅读所抓indications；抓取上限/制剂/地区差异使本表不是完整全球获批历史。疾病领域是人工保守归类；不含副作用及明确不适用项。活性体与medoxomil前药需身份另核；检测到复方污染但不增添原疾病领域。
ondansetron,GASTROINTESTINAL;ONCOLOGY,化疗/放疗及术后恶心呕吐预防；肿瘤场景支持治疗而非抗癌,LABEL_REVIEWED,https://dailymed.nlm.nih.gov/dailymed/drugInfo.cfm?setid=416be720-82e8-4a6d-8531-c1a29869daae;https://dailymed.nlm.nih.gov/dailymed/drugInfo.cfm?setid=269c920c-643a-4eea-9bf9-b1f008915db9;https://dailymed.nlm.nih.gov/dailymed/drugInfo.cfm?setid=f175a336-433b-7ab2-e053-2995a90ad5ca;https://dailymed.nlm.nih.gov/dailymed/drugInfo.cfm?setid=a29b5c18-9884-4c88-8827-65d9ad5f69f6,已逐药阅读所抓indications；抓取上限/制剂/地区差异使本表不是完整全球获批历史。疾病领域是人工保守归类；不含副作用及明确不适用项。ONCOLOGY仅化放疗支持治疗，不是抗癌。
oxybutynin,RENAL_URINARY,神经源性膀胱不稳定相关尿急/频/失禁/排尿症状,LABEL_REVIEWED,https://dailymed.nlm.nih.gov/dailymed/drugInfo.cfm?setid=1a08a16a-f16d-4ef1-95bb-6943bcae0737;https://dailymed.nlm.nih.gov/dailymed/drugInfo.cfm?setid=7c497c6c-2448-2c80-e053-2991aa0ab8c7;https://dailymed.nlm.nih.gov/dailymed/drugInfo.cfm?setid=9578b6b8-5b9d-4263-9142-39b2c7216b85;https://dailymed.nlm.nih.gov/dailymed/drugInfo.cfm?setid=fe4ed76b-0009-455f-be30-47e80fc1afdf,已逐药阅读所抓indications；抓取上限/制剂/地区差异使本表不是完整全球获批历史。疾病领域是人工保守归类；不含副作用及明确不适用项。
ozanimod,NEURO_PSYCHIATRIC;IMMUNE_INFLAMMATORY;GASTROINTESTINAL,复发型MS及中重度活动性溃疡性结肠炎,LABEL_REVIEWED,https://dailymed.nlm.nih.gov/dailymed/drugInfo.cfm?setid=93ce2fab-edfb-4804-8074-963071de51e4,已逐药阅读所抓indications；抓取上限/制剂/地区差异使本表不是完整全球获批历史。疾病领域是人工保守归类；不含副作用及明确不适用项。
palbociclib,ONCOLOGY,多种特定HR/HER2及PIK3CA状态乳癌联合/维持治疗，不按乳癌亚型制造跨类,LABEL_REVIEWED,https://dailymed.nlm.nih.gov/dailymed/drugInfo.cfm?setid=89a142d5-7e61-48bf-9e77-e2cd124c4792;https://dailymed.nlm.nih.gov/dailymed/drugInfo.cfm?setid=e0e6412f-50b4-4fd4-9364-62818d121a07,已逐药阅读所抓indications；抓取上限/制剂/地区差异使本表不是完整全球获批历史。疾病领域是人工保守归类；不含副作用及明确不适用项。
pantoprazole,GASTROINTESTINAL,GERD相关糜烂食管炎治疗/维持、病理高胃酸及ZE综合征；不是胃肠出血已证实用途,LABEL_REVIEWED,https://dailymed.nlm.nih.gov/dailymed/drugInfo.cfm?setid=1bb94d3c-8bc3-4193-9dd8-e9a22066707c;https://dailymed.nlm.nih.gov/dailymed/drugInfo.cfm?setid=59f50bcb-85e5-e3f6-e063-6294a90a11ae;https://dailymed.nlm.nih.gov/dailymed/drugInfo.cfm?setid=58d32be2-166e-1a64-e063-6394a90a26ea;https://dailymed.nlm.nih.gov/dailymed/drugInfo.cfm?setid=bb1e79ad-ff52-4696-8743-523f793b29d3,已逐药阅读所抓indications；抓取上限/制剂/地区差异使本表不是完整全球获批历史。疾病领域是人工保守归类；不含副作用及明确不适用项。
perampanel,NEURO_PSYCHIATRIC,局灶癫痫及原发全面强直阵挛发作辅助,LABEL_REVIEWED,https://dailymed.nlm.nih.gov/dailymed/drugInfo.cfm?setid=3c72a5f7-bb22-4c48-942a-543ca84ed5a9;https://dailymed.nlm.nih.gov/dailymed/drugInfo.cfm?setid=1b0458ea-e718-4d48-ae55-ad9b4d863810;https://dailymed.nlm.nih.gov/dailymed/drugInfo.cfm?setid=695c8c73-39cb-4927-bdf6-72d16e4aa9bb;https://dailymed.nlm.nih.gov/dailymed/drugInfo.cfm?setid=bc8f7cf2-c19c-4235-859f-9ff1dd21908e,已逐药阅读所抓indications；抓取上限/制剂/地区差异使本表不是完整全球获批历史。疾病领域是人工保守归类；不含副作用及明确不适用项。
pitavastatin,ENDOCRINE_METABOLIC_REPRODUCTIVE,原发高脂血症及杂合家族高胆固醇血症降低LDL,LABEL_REVIEWED,https://dailymed.nlm.nih.gov/dailymed/drugInfo.cfm?setid=2d5a1b78-4aa6-537b-e063-6394a90a522f;https://dailymed.nlm.nih.gov/dailymed/drugInfo.cfm?setid=44dcbf97-99ec-427c-ba50-207e0069d6d2;https://dailymed.nlm.nih.gov/dailymed/drugInfo.cfm?setid=0f11ee80-871e-4f13-e063-6394a90af19d;https://dailymed.nlm.nih.gov/dailymed/drugInfo.cfm?setid=c8c50e03-5cb8-43f4-bdef-8edd12f1945f,已逐药阅读所抓indications；抓取上限/制剂/地区差异使本表不是完整全球获批历史。疾病领域是人工保守归类；不含副作用及明确不适用项。
pralidoxime,TOXICITY,有机磷/神经毒剂及抗胆碱酯酶药过量解毒；不是重症肌无力治疗,LABEL_REVIEWED,https://dailymed.nlm.nih.gov/dailymed/drugInfo.cfm?setid=2741d8fd-51c2-46be-880b-99f2b20a6137,已逐药阅读所抓indications；抓取上限/制剂/地区差异使本表不是完整全球获批历史。疾病领域是人工保守归类；不含副作用及明确不适用项。重症肌无力仅作为过量致因上下文，不能归作其治疗。
probenecid,ENDOCRINE_METABOLIC_REPRODUCTIVE;MUSCULOSKELETAL_CONNECTIVE;INFECTION,痛风高尿酸血症；部分青霉素类辅助延长血药暴露，不是单药抗菌,LABEL_REVIEWED,https://dailymed.nlm.nih.gov/dailymed/drugInfo.cfm?setid=65b4888c-d49a-433f-9bfd-17880ae40069;https://dailymed.nlm.nih.gov/dailymed/drugInfo.cfm?setid=5d552de5-2d18-4464-bcaf-0311fa3f080d;https://dailymed.nlm.nih.gov/dailymed/drugInfo.cfm?setid=ae126418-5474-4fbe-b83c-bde8b2b4ae6e,已逐药阅读所抓indications；抓取上限/制剂/地区差异使本表不是完整全球获批历史。疾病领域是人工保守归类；不含副作用及明确不适用项。
quinidine,CARDIOVASCULAR;INFECTION;NEURO_PSYCHIATRIC,房颤/房扑转复及复发预防、致命室性心律失常；历史恶性疟疾；NUEDEXTA神经复方辅助,EXTERNAL_REVIEWED,https://dailymed.nlm.nih.gov/dailymed/drugInfo.cfm?setid=ad2ad985-cca2-25b5-e053-2995a90a402f;https://dailymed.nlm.nih.gov/dailymed/drugInfo.cfm?setid=b0d6341b-d880-4f0b-8844-bc788c03004a;https://dailymed.nlm.nih.gov/dailymed/drugInfo.cfm?setid=4db375a3-0cff-4fa7-af7a-2a49e0b922d0;https://dailymed.nlm.nih.gov/dailymed/fda/fdaDrugXsl.cfm?setid=484e0918-3442-49dc-8ccf-177f1f3ee9f3,已逐药阅读所抓indications；抓取上限/制剂/地区差异使本表不是完整全球获批历史。疾病领域是人工保守归类；不含副作用及明确不适用项。假性延髓情感为复方药代辅助，不等于单体神经疗效；抗疟保留历史用途。
ranolazine,CARDIOVASCULAR,慢性心绞痛,LABEL_REVIEWED,https://dailymed.nlm.nih.gov/dailymed/drugInfo.cfm?setid=90c5a0c2-542c-467e-9c0c-ef320534c560;https://dailymed.nlm.nih.gov/dailymed/drugInfo.cfm?setid=a624dc7f-921d-4554-a813-f72dca0133c3;https://dailymed.nlm.nih.gov/dailymed/drugInfo.cfm?setid=6166c40c-4fbe-47c4-92e4-2dc5d3567a86;https://dailymed.nlm.nih.gov/dailymed/drugInfo.cfm?setid=195c4b51-fec2-410d-8d90-487c536a8728,已逐药阅读所抓indications；抓取上限/制剂/地区差异使本表不是完整全球获批历史。疾病领域是人工保守归类；不含副作用及明确不适用项。
relugolix,ONCOLOGY;ENDOCRINE_METABOLIC_REPRODUCTIVE,单药晚期前列腺癌；MYFEMBREE复方子宫肌瘤重度经血及内异症疼痛,EXTERNAL_REVIEWED,https://dailymed.nlm.nih.gov/dailymed/drugInfo.cfm?setid=077a92f6-9f1b-479a-87c7-c92b5db6aa9c;https://dailymed.nlm.nih.gov/dailymed/drugInfo.cfm?setid=fc3feb73-cc84-43a8-aa32-b262460495e8,已逐药阅读所抓indications；抓取上限/制剂/地区差异使本表不是完整全球获批历史。疾病领域是人工保守归类；不含副作用及明确不适用项。前列腺癌为单药，妇科用途为含雌二醇/炔诺酮复方。
ribociclib,ONCOLOGY,HR阳性HER2阴性高风险早期及晚期乳癌联合方案,LABEL_REVIEWED,https://dailymed.nlm.nih.gov/dailymed/drugInfo.cfm?setid=aaeaef94-f3f5-4367-8ea2-b181d7be2da8,已逐药阅读所抓indications；抓取上限/制剂/地区差异使本表不是完整全球获批历史。疾病领域是人工保守归类；不含副作用及明确不适用项。
rimegepant,NEURO_PSYCHIATRIC,偏头痛急性治疗与发作性偏头痛预防,LABEL_REVIEWED,https://dailymed.nlm.nih.gov/dailymed/drugInfo.cfm?setid=9ef08e09-1098-35cc-e053-2a95a90a3e1d;https://dailymed.nlm.nih.gov/dailymed/drugInfo.cfm?setid=86ef19d2-d6dc-4ac1-a793-dc549cc6bb9b,已逐药阅读所抓indications；抓取上限/制剂/地区差异使本表不是完整全球获批历史。疾病领域是人工保守归类；不含副作用及明确不适用项。
rolapitant,GASTROINTESTINAL;ONCOLOGY,与其他止吐药联合预防化疗迟发恶心呕吐；非抗癌,LABEL_REVIEWED,https://dailymed.nlm.nih.gov/dailymed/drugInfo.cfm?setid=8670c3cf-82d9-466d-be49-de33d8c8742b,已逐药阅读所抓indications；抓取上限/制剂/地区差异使本表不是完整全球获批历史。疾病领域是人工保守归类；不含副作用及明确不适用项。ONCOLOGY仅化疗支持治疗，且联合止吐药。
ruxolitinib,ONCOLOGY;IMMUNE_INFLAMMATORY;DERMATOLOGIC,骨髓纤维化、真性红细胞增多症；急/慢性GVHD；局部特应性皮炎和非节段白癜风,LABEL_REVIEWED,https://dailymed.nlm.nih.gov/dailymed/drugInfo.cfm?setid=f1c82580-87ae-11e0-bc84-0002a5d5c51b;https://dailymed.nlm.nih.gov/dailymed/drugInfo.cfm?setid=24da5509-6631-4795-9d42-273faecd08e7,已逐药阅读所抓indications；抓取上限/制剂/地区差异使本表不是完整全球获批历史。疾病领域是人工保守归类；不含副作用及明确不适用项。骨髓纤维化/PV按肿瘤，而GVHD及皮肤病为真实非肿瘤用途；剂型不同。
selegiline,NEURO_PSYCHIATRIC,帕金森患者左旋多巴治疗辅助；EMSAM贴剂成人MDD,EXTERNAL_REVIEWED,https://dailymed.nlm.nih.gov/dailymed/drugInfo.cfm?setid=040a97e5-efd1-4a2f-b737-2f13e5366d70;https://dailymed.nlm.nih.gov/dailymed/drugInfo.cfm?setid=df88d6bf-0fda-3825-e053-2a95a90a3a75;https://dailymed.nlm.nih.gov/dailymed/drugInfo.cfm?setid=1924db3d-6a16-4496-cfd0-6903be146925;https://dailymed.nlm.nih.gov/dailymed/drugInfo.cfm?setid=4848270a-1179-410c-b4e6-a7e555b3a988;https://dailymed.nlm.nih.gov/dailymed/drugInfo.cfm?setid=b891bd9f-fdb8-4862-89c5-ecdd700398a3,已逐药阅读所抓indications；抓取上限/制剂/地区差异使本表不是完整全球获批历史。疾病领域是人工保守归类；不含副作用及明确不适用项。
silodosin,RENAL_URINARY;ENDOCRINE_METABOLIC_REPRODUCTIVE,BPH症状；明确非高血压用途,LABEL_REVIEWED,https://dailymed.nlm.nih.gov/dailymed/drugInfo.cfm?setid=ee8d577e-948d-4164-9671-c876544ac83b;https://dailymed.nlm.nih.gov/dailymed/drugInfo.cfm?setid=afbf4823-8663-4152-9346-ca42c7b7d722;https://dailymed.nlm.nih.gov/dailymed/drugInfo.cfm?setid=43f83422-680f-411e-bbc3-2b092e64a017;https://dailymed.nlm.nih.gov/dailymed/drugInfo.cfm?setid=de619e27-9384-4b86-abdc-de0557cd39e8,已逐药阅读所抓indications；抓取上限/制剂/地区差异使本表不是完整全球获批历史。疾病领域是人工保守归类；不含副作用及明确不适用项。
sotagliflozin,CARDIOVASCULAR,心衰或T2DM+CKD+CV风险人群降低心血管死亡和心衰就诊；此INPEFA标签不是一般降糖/肾病适应症,LABEL_REVIEWED,https://dailymed.nlm.nih.gov/dailymed/drugInfo.cfm?setid=1a46614e-05f6-421a-b6f4-d6f8760d643a,已逐药阅读所抓indications；抓取上限/制剂/地区差异使本表不是完整全球获批历史。疾病领域是人工保守归类；不含副作用及明确不适用项。T2DM/CKD为风险人群条件，未误记为INPEFA独立降糖或慢性肾病治疗。
tadalafil,RENAL_URINARY;ENDOCRINE_METABOLIC_REPRODUCTIVE;CARDIOVASCULAR;RESPIRATORY,ED/BPH及ADCIRCA肺动脉高压提高运动能力,EXTERNAL_REVIEWED,https://dailymed.nlm.nih.gov/dailymed/drugInfo.cfm?setid=cf9431ef-ea02-457d-b83a-ce13fb963d95;https://dailymed.nlm.nih.gov/dailymed/drugInfo.cfm?setid=394be6ef-c0f7-4cd5-8062-39fda5c1c2c4;https://dailymed.nlm.nih.gov/dailymed/drugInfo.cfm?setid=a6847ad6-3b5b-47e5-a3b5-04dc3182d72b;https://dailymed.nlm.nih.gov/dailymed/drugInfo.cfm?setid=c3409762-3b2b-1cfc-e053-2995a90ab91b;https://dailymed.nlm.nih.gov/dailymed/drugInfo.cfm?setid=ff61b237-be8e-461b-8114-78c52a8ad0ae,已逐药阅读所抓indications；抓取上限/制剂/地区差异使本表不是完整全球获批历史。疾病领域是人工保守归类；不含副作用及明确不适用项。
tamsulosin,RENAL_URINARY;ENDOCRINE_METABOLIC_REPRODUCTIVE,BPH症状；明确非高血压用途,LABEL_REVIEWED,https://dailymed.nlm.nih.gov/dailymed/drugInfo.cfm?setid=0e3206ba-db3e-40b3-b46b-c7ae4703fdea;https://dailymed.nlm.nih.gov/dailymed/drugInfo.cfm?setid=e4202c52-be9d-41d9-b5ff-122740298544;https://dailymed.nlm.nih.gov/dailymed/drugInfo.cfm?setid=a608ddc8-fe42-484e-b61f-307c60151138;https://dailymed.nlm.nih.gov/dailymed/drugInfo.cfm?setid=e9372720-bd02-e4a6-0afd-42fe0c661c00,已逐药阅读所抓indications；抓取上限/制剂/地区差异使本表不是完整全球获批历史。疾病领域是人工保守归类；不含副作用及明确不适用项。
tasimelteon,NEURO_PSYCHIATRIC,非24小时睡眠觉醒障碍和Smith-Magenis综合征夜间睡眠紊乱,LABEL_REVIEWED,https://dailymed.nlm.nih.gov/dailymed/drugInfo.cfm?setid=ce5a2fa3-ed54-422d-96c2-1821496eb32f;https://dailymed.nlm.nih.gov/dailymed/drugInfo.cfm?setid=ca4a9b63-708e-49e9-8f9b-010625443b90;https://dailymed.nlm.nih.gov/dailymed/drugInfo.cfm?setid=46b09064-a675-92d5-24a7-dac0410f77ae;https://dailymed.nlm.nih.gov/dailymed/drugInfo.cfm?setid=99cb1928-e57d-4d04-87a1-38108780598a,已逐药阅读所抓indications；抓取上限/制剂/地区差异使本表不是完整全球获批历史。疾病领域是人工保守归类；不含副作用及明确不适用项。
tedizolid,INFECTION;DERMATOLOGIC,敏感革兰阳性菌急性细菌皮肤/结构感染,LABEL_REVIEWED,https://dailymed.nlm.nih.gov/dailymed/drugInfo.cfm?setid=75672079-589f-451a-bdbf-eaebcfcc80a9,已逐药阅读所抓indications；抓取上限/制剂/地区差异使本表不是完整全球获批历史。疾病领域是人工保守归类；不含副作用及明确不适用项。
teriflunomide,NEURO_PSYCHIATRIC;IMMUNE_INFLAMMATORY,复发型MS，含临床孤立综合征/复发缓解及活动继发进展型,LABEL_REVIEWED,https://dailymed.nlm.nih.gov/dailymed/drugInfo.cfm?setid=2d2724f6-8812-4a26-b2ec-936b71f868e1;https://dailymed.nlm.nih.gov/dailymed/drugInfo.cfm?setid=cbf32b27-e63a-4544-9c1f-6564e82200e5;https://dailymed.nlm.nih.gov/dailymed/drugInfo.cfm?setid=2fd80242-c607-4c50-b497-8259abb4a2f8;https://dailymed.nlm.nih.gov/dailymed/drugInfo.cfm?setid=8c1bc23b-a62b-4172-a603-8b97761514b4,已逐药阅读所抓indications；抓取上限/制剂/地区差异使本表不是完整全球获批历史。疾病领域是人工保守归类；不含副作用及明确不适用项。
ticagrelor,CARDIOVASCULAR,ACS/心梗史、特定CAD及急性缺血卒中/TIA患者降低心脑血管/支架血栓事件,LABEL_REVIEWED,https://dailymed.nlm.nih.gov/dailymed/drugInfo.cfm?setid=557351f1-47b7-216d-e063-6394a90afb51;https://dailymed.nlm.nih.gov/dailymed/drugInfo.cfm?setid=40ac26dc-2570-de7e-e063-6294a90ade72;https://dailymed.nlm.nih.gov/dailymed/drugInfo.cfm?setid=1bbdc202-bbe4-4aec-b4e9-1f1feb41d819;https://dailymed.nlm.nih.gov/dailymed/drugInfo.cfm?setid=555d4e44-9bb2-474e-9bea-c549e3261dbb,已逐药阅读所抓indications；抓取上限/制剂/地区差异使本表不是完整全球获批历史。疾病领域是人工保守归类；不含副作用及明确不适用项。
tizanidine,NEURO_PSYCHIATRIC,成人痉挛状态症状控制,LABEL_REVIEWED,https://dailymed.nlm.nih.gov/dailymed/drugInfo.cfm?setid=63b7eba3-6dea-4d89-bc42-7e965ae9795d;https://dailymed.nlm.nih.gov/dailymed/drugInfo.cfm?setid=59d83e3a-5e44-d8d0-e063-6294a90aa65a;https://dailymed.nlm.nih.gov/dailymed/drugInfo.cfm?setid=25db7cc0-604c-3d6b-e063-6394a90a337f;https://dailymed.nlm.nih.gov/dailymed/drugInfo.cfm?setid=6dd9946f-b2a4-1732-e053-2a91aa0a648f,已逐药阅读所抓indications；抓取上限/制剂/地区差异使本表不是完整全球获批历史。疾病领域是人工保守归类；不含副作用及明确不适用项。
trametinib,ONCOLOGY,BRAF特定突变黑色素瘤、NSCLC、未分化甲状腺癌、实体瘤及儿童低级别胶质瘤；不包括标签排除的CRC,LABEL_REVIEWED,https://dailymed.nlm.nih.gov/dailymed/drugInfo.cfm?setid=0002ad27-779d-42ab-83b5-bc65453412a1,已逐药阅读所抓indications；抓取上限/制剂/地区差异使本表不是完整全球获批历史。疾病领域是人工保守归类；不含副作用及明确不适用项。
trospium,RENAL_URINARY;NEURO_PSYCHIATRIC,单药OAB；COBENFY复方精神分裂症的外周拮抗辅助成分,EXTERNAL_REVIEWED,https://dailymed.nlm.nih.gov/dailymed/drugInfo.cfm?setid=7a2fea88-266d-4fc0-a476-66dc6effcff7;https://dailymed.nlm.nih.gov/dailymed/drugInfo.cfm?setid=c1c8bd8b-7ff8-5940-e053-2995a90ae656;https://dailymed.nlm.nih.gov/dailymed/drugInfo.cfm?setid=095f54ba-4d43-4266-8942-eede6678ee3b;https://dailymed.nlm.nih.gov/dailymed/drugInfo.cfm?setid=8e5e2b3a-467b-4312-9778-8ff2ce938838;https://dailymed.nlm.nih.gov/dailymed/drugInfo.cfm?setid=8f0e73bf-6025-44f6-ab64-0983322de0df,已逐药阅读所抓indications；抓取上限/制剂/地区差异使本表不是完整全球获批历史。疾病领域是人工保守归类；不含副作用及明确不适用项。神经领域仅复方支持角色，并非单体治精神分裂症。
umeclidinium,RESPIRATORY,COPD维持,LABEL_REVIEWED,https://dailymed.nlm.nih.gov/dailymed/drugInfo.cfm?setid=763388a5-cc89-4c25-8562-521df679b7e8;https://dailymed.nlm.nih.gov/dailymed/drugInfo.cfm?setid=dbb64747-1505-49d7-9a33-99dd402e96d3,已逐药阅读所抓indications；抓取上限/制剂/地区差异使本表不是完整全球获批历史。疾病领域是人工保守归类；不含副作用及明确不适用项。
vandetanib,ONCOLOGY,不可切除/转移且有症状或进展的甲状腺髓样癌,LABEL_REVIEWED,https://dailymed.nlm.nih.gov/dailymed/drugInfo.cfm?setid=e5721cb8-4185-47b9-bbb3-1c587e558a03,已逐药阅读所抓indications；抓取上限/制剂/地区差异使本表不是完整全球获批历史。疾病领域是人工保守归类；不含副作用及明确不适用项。
vemurafenib,ONCOLOGY,BRAF特定突变黑色素瘤及Erdheim-Chester病（组织细胞肿瘤）,LABEL_REVIEWED,https://dailymed.nlm.nih.gov/dailymed/drugInfo.cfm?setid=38eea320-7e0c-485a-bc30-98c3c45e2763,已逐药阅读所抓indications；抓取上限/制剂/地区差异使本表不是完整全球获批历史。疾病领域是人工保守归类；不含副作用及明确不适用项。
vismodegib,ONCOLOGY,符合既往手术/放疗条件的局晚或转移基底细胞癌,LABEL_REVIEWED,https://dailymed.nlm.nih.gov/dailymed/drugInfo.cfm?setid=eb368bb6-80e3-4df9-8a85-91df0a2ada6a,已逐药阅读所抓indications；抓取上限/制剂/地区差异使本表不是完整全球获批历史。疾病领域是人工保守归类；不含副作用及明确不适用项。
xanomeline,NEURO_PSYCHIATRIC,COBENFY与trospium复方治疗成人精神分裂症,EXTERNAL_REVIEWED,https://dailymed.nlm.nih.gov/dailymed/drugInfo.cfm?setid=8f0e73bf-6025-44f6-ab64-0983322de0df,已逐药阅读所抓indications；抓取上限/制剂/地区差异使本表不是完整全球获批历史。疾病领域是人工保守归类；不含副作用及明确不适用项。仅COBENFY复方，没有据此宣称单体获批。
