drug_id,molecular_weight,logp,tpsa,heavy_atoms
AAOVKJBEBIDNHE-UHFFFAOYSA-N,284.74600000000004,3.153800000000002,32.67,20
ACRHBAYQBXXRTO-OAQYLSRUSA-N,468.59400000000034,3.3100000000000023,60.47000000000001,34
ACWBQPMHZXGDFX-QFIPXVFZSA-N,435.52800000000013,4.161700000000002,112.07000000000001,32
ACWZRVQXLIRSDF-UHFFFAOYSA-N,441.2320000000002,3.0113000000000003,88.41000000000001,27
ADEBPBSSDYVVLD-UHFFFAOYSA-N,379.50000000000017,4.361100000000004,38.77,28
AEXFXNFMSAAELR-RXVVDRJESA-N,420.4690000000002,1.72788,109.29,31
AFLFKFHDSCQHOL-IZZDOVSWSA-N,384.49700000000007,5.163440000000004,63.60000000000001,27
AHJRHEGDXFFMBM-UHFFFAOYSA-N,447.54300000000035,2.965820000000001,105.03999999999999,33
AHOUBRCZNHFOSL-YOEHRIQHSA-N,329.3710000000001,3.326500000000002,39.72,24
AHYMHWXQRWRBKT-UHFFFAOYSA-N,492.58300000000025,4.007880000000003,96.92999999999999,37
AILRADAXUVEEIR-UHFFFAOYSA-N,584.105,5.090000000000003,85.86,40
AJIPIJNNOJSSQC-NYLIRDPKSA-N,304.38599999999997,1.5507999999999988,80.92,22
ALWKGYPQUAPLQC-UHFFFAOYSA-N,223.29599999999996,1.9437,29.540000000000003,16
ANGKOCUUWGHLCE-HKUYNNGSSA-N,318.43700000000024,2.4562999999999997,46.53,23
AOMXMOCNKJTRQP-UHFFFAOYSA-N,623.6420000000004,3.7505000000000024,132.61,44
AQHHHDLHHXJYJD-UHFFFAOYSA-N,259.34900000000005,2.5775000000000006,41.489999999999995,19
AQNDDEOPVVGCPG-UHFFFAOYSA-N,295.379,1.5298999999999996,67.79,21
AQOKCDNYWBIDND-FTOWTWDKSA-N,415.5740000000001,3.146900000000002,89.79,30
ASMXXROZKSBQIH-VITNCHFBSA-N,484.66300000000024,4.666800000000005,55.760000000000005,33
ASOADIZOVZTJSR-UHFFFAOYSA-N,413.1730000000002,3.2800400000000014,149.46000000000004,27
ASUTZQLVASHGKV-JDFRZJQESA-N,287.35900000000004,1.8503,41.93,21
ATALOFNDEOCMKK-OITMNORJSA-N,534.4320000000001,4.952100000000004,83.24000000000001,37
AURFZBICLPNKBZ-SYBPFIFISA-N,318.5010000000001,4.595200000000005,37.3,23
AVAACINZEOAHHE-VFZPANTDSA-N,420.5130000000002,-1.6030999999999969,162.06,27
AXOIZCJOOAYSMI-UHFFFAOYSA-N,290.404,0.2654000000000025,52.60000000000001,20
AXQACEQYCPKDMV-RZAWKFBISA-N,570.6460000000004,3.4798000000000027,141.18,42
AYXYPKUFHZROOJ-ZETCQYMHSA-N,159.229,1.0821,63.32000000000001,11
AZSRSNUQCUDCGG-UHFFFAOYSA-N,585.709,5.075000000000005,113.85,43
BALLNEJQLSTPIO-UHFFFAOYSA-N,393.39900000000017,3.853520000000003,95.71000000000001,29
BARDROPHSZEBKC-OITMNORJSA-N,614.4110000000003,4.366300000000003,129.91,41
BBAWEDCPNXPBQM-GDEBMMAJSA-N,679.8629999999999,2.4459000000000035,179.56,49
BCEHBSKCWLPMDN-MGPLVRAMSA-N,349.31600000000003,2.1769,76.72,25
BCFGMOOMADDAQU-UHFFFAOYSA-N,581.0690000000002,6.139100000000005,106.35000000000001,40
BFDBKMOZYNOTPK-UHFFFAOYSA-N,345.399,2.645600000000001,63.99,24
BFPYWIDHMRZLRN-SLHNCBLASA-N,296.4100000000001,3.6126000000000023,40.46,22
BFSMGDJOXZAERB-UHFFFAOYSA-N,519.5740000000002,5.364900000000003,110.86,35
BGDKAVGWHJFAGW-UHFFFAOYSA-N,284.359,2.2062,53.43000000000001,21
BISPBXFUKNXOQY-RITPCOANSA-N,277.25800000000004,-1.3591999999999989,130.24,18
BLIJXOOIHRSQRB-PXYINDEMSA-N,398.85400000000004,2.6700799999999996,119.62,28
BLJRIMJGRPQVNF-JTQLQIEISA-N,316.4270000000002,0.5024999999999997,79.74,21
BMEARIQHWSVDBS-SNVBAGLBSA-N,204.31299999999993,4.029100000000004,20.23,15
BMGQWWVMWDBQGC-IIFHNQTCSA-N,570.6490000000002,5.906800000000007,77.72999999999999,43
BMKDZUISNHGIBY-ZETCQYMHSA-N,268.27299999999997,-2.708299999999996,98.82,19
BMPDWHIDQYTSHX-AWEZNQCLSA-N,254.289,2.4929000000000006,66.56,19
BMPDWHIDQYTSHX-UHFFFAOYSA-N,254.289,2.4929000000000006,66.56,19
BNRNXUUZRGQAQC-UHFFFAOYSA-N,474.5870000000004,1.6109,113.41999999999999,33
BPKAHTKRCLCHEA-UBFJEZKGSA-N,416.6460000000003,5.560600000000008,60.69,30
BPQMGSKTAYIVFO-UHFFFAOYSA-N,421.30500000000006,4.7112000000000025,76.13,27
BPRHUIZQVSMCRT-VEUZHWNKSA-N,481.5460000000002,2.4017,140.92,33
BPZSYCZIITTYBL-YJYMSZOUSA-N,344.41100000000006,2.2233,90.82,25
BQEJAAIPKDQEPV-MXHGPKCJSA-N,466.5210000000002,2.9487000000000014,100.90000000000002,33
BQJCRHHNABKAKU-KBQPJGBKSA-N,285.343,1.1981,52.93000000000001,21
BQSJTQLCZDPROO-UHFFFAOYSA-N,316.382,3.723200000000002,83.21,22
BRUQQQPBMZOVGD-XFKAJCMBSA-N,315.3690000000001,1.0481999999999998,59.00000000000001,23
BSMCAPRUBJMWDF-KRWDZBQOSA-N,531.3160000000003,3.781100000000002,64.60000000000001,30
BSYNRYMUTXBXSQ-UHFFFAOYSA-N,180.15899999999996,1.3101,63.60000000000001,13
BTBHLEZXCOBLCY-QGZVFWFLSA-N,378.4320000000002,2.9856999999999996,110.25999999999999,28
BTCRKOKVYTVOLU-SJSRKZJXSA-N,464.9420000000002,2.0034999999999994,108.61000000000001,32
BUGYDGFZZOZRHP-UHFFFAOYSA-N,179.307,2.6941000000000006,26.02,13
BYBLEWFAAKGYCD-UHFFFAOYSA-N,416.1350000000001,6.454800000000002,27.05,25
BZZKEPGENYLQSC-FIBGUPNXSA-N,425.4673053340002,1.7324,135.95,31
BZZKEPGENYLQSC-UHFFFAOYSA-N,422.4490000000002,1.7323999999999995,135.95,31
CAVRKWRKTNINFF-UHFFFAOYSA-N,587.9110000000001,7.372400000000004,73.56,41
CBRJPFGIXUFMTM-WDEREUQCSA-N,285.35100000000006,1.9352999999999994,73.91,21
CEFJVGZHQAGLHS-UHFFFAOYSA-N,510.36700000000013,5.670700000000004,88.05000000000001,33
CEUORZQYGODEFX-UHFFFAOYSA-N,448.39400000000006,4.859300000000005,44.81,30
CGIGDMFJXJATDK-UHFFFAOYSA-N,357.793,3.9273200000000026,68.53,25
CJBJHOAVZSMMDJ-HEXNFIEUSA-N,547.6740000000003,2.3753,140.42000000000002,38
CJOFXWAVKWHTFT-XSFVSMFZSA-N,318.339,3.201500000000001,56.84,22
CMHHMUWAYWTMGS-UHFFFAOYSA-N,308.42199999999997,2.946300000000001,64.79,22
CMJCXYNUCSMDBY-ZDUSSCGKSA-N,540.0210000000002,3.908400000000002,140.13,36
CMWTZPSULFXXJA-VIFPVBQESA-N,230.26299999999998,3.036500000000001,46.53,17
COUYJEVMBVSIHV-SFHVURJKSA-N,386.44800000000015,2.3760000000000003,100.05000000000001,28
CPZBLNMUGSZIPR-NVXWUHKLSA-N,296.414,2.656500000000001,23.550000000000004,22
CSKDFZIMJXRJGH-VWLPUNTISA-N,376.334,2.4033000000000007,66.48,27
CSOBIBXVIYAXFM-BYNJWEBRSA-N,477.56500000000034,2.7160599999999997,112.87,35
CTRLABGOLIVAIY-UHFFFAOYSA-N,252.27299999999997,2.6422000000000008,63.400000000000006,19
CUHVIMMYOGQXCV-NSHDSACASA-N,200.28500000000003,3.1783400000000013,28.68,15
CUIHSIWYWATEQL-UHFFFAOYSA-N,437.52900000000017,3.1390400000000005,119.03,31
CVWXJKQAOSCOAB-UHFFFAOYSA-N,560.6800000000004,5.856500000000005,106.16000000000001,40
CXOFVDLJLONNDW-UHFFFAOYSA-N,252.27300000000002,1.7696,58.2,19
CXOXHMZGEKVPMT-UHFFFAOYSA-N,300.74500000000006,3.3712000000000018,40.620000000000005,21
CYHWMBVXXDIZNZ-KRWDZBQOSA-N,439.31300000000016,4.183520000000003,69.37,28
CYOHGALHFOKKQC-UHFFFAOYSA-N,457.68700000000024,3.5256000000000016,88.41000000000001,27
CYQFCXCEBYINGO-IAGOWNOFSA-N,314.46900000000005,5.735800000000006,29.46,23
CZFFBEXEKNGXKS-UHFFFAOYSA-N,444.4230000000002,0.9115199999999997,152.24,32
CZGVOBIGEBDYTP-VSGBNLITSA-N,546.6860000000004,3.908100000000002,142.03,38
DBABZHXKTCFAPX-UHFFFAOYSA-N,285.36499999999995,2.1955,74.68,19
DBEPLOCGEIEOCV-WSBQPABSSA-N,372.55300000000017,3.8145000000000024,58.2,27
DBGIVFWFUFKIQN-UHFFFAOYSA-N,231.26099999999997,3.2459000000000024,12.03,16
DCCSDBARQIPTGU-HSZRJFAPSA-N,411.58600000000007,5.381100000000005,49.77,30
DCOPUUMXTXDBNB-UHFFFAOYSA-N,296.153,4.364100000000001,49.33,19
DDFOUSQFMYRUQK-RCDICMHDSA-N,437.4750000000001,4.242980000000002,87.61999999999999,31
DDLIGBOFAVUZHB-UHFFFAOYSA-N,325.77400000000006,4.324220000000002,30.18,23
DDOOFTLHJSMHLN-ZQHRPCGSSA-N,549.5530000000003,3.5306000000000024,104.29,40
DEVSOMFAQLZNKR-RJRFIUFISA-N,443.311,3.386700000000001,97.62,31
DHHVAGZRUROJKS-UHFFFAOYSA-N,149.237,1.9664,26.02,11
DHMTURDWPRKSOA-RUZDIDTESA-N,638.8319999999999,5.909900000000006,79.53,36
DHSUYTOATWAVLW-WFVMDLQDSA-N,358.46000000000004,1.4326000000000003,129.72,24
DIWRORZWFLOCLC-UHFFFAOYSA-N,321.163,3.1013000000000015,61.69,21
DJXRIQMCROIRCZ-XOEOCAAJSA-N,444.53500000000014,2.766000000000001,96.25,33
DKNWSYNQZKUICI-UHFFFAOYSA-N,151.253,1.9139,26.02,11
DKULOVKANLVDEA-UHFFFAOYSA-N,546.201,2.5318000000000005,142.20999999999998,29
DKYWVDODHFEZIM-UHFFFAOYSA-N,254.285,3.1057000000000015,54.37,19
DMJNNHOOLUXYBV-PQTSNVLCSA-N,383.4700000000002,-0.3079999999999994,110.17999999999999,26
DMKSVUSAATWOCU-HROMYWEYSA-N,466.95800000000025,3.9165000000000028,99.13000000000001,32
DMNOVGJWPASQDL-OAQYLSRUSA-N,386.5610000000003,4.692600000000004,43.379999999999995,27
DOBNVUFHFMVMDB-BEFAXECRSA-N,383.44400000000024,3.3565000000000005,103.7,28
DOMXUEMWDBAQBQ-WEVVVXLNSA-N,291.438,4.877300000000004,3.24,22
DOUYETYNHWVLEO-UHFFFAOYSA-N,240.30999999999997,2.8227,56.730000000000004,18
DQCKKXVULJGBQN-XFWGSAIBSA-N,341.4070000000001,1.5253999999999999,70.0,25
DRHKJLXJIQTDTD-OAHLLOKOSA-N,408.5200000000001,2.3409000000000004,99.88,28
DTGLZDAWLRGWQN-UHFFFAOYSA-N,373.44900000000007,3.8910000000000036,46.61,26
DUGOZIWVEXMGBE-CHWSQXEVSA-N,233.31099999999995,2.0852999999999997,38.33,17
DUXZAXCGJSBGDW-HXUWFJFHSA-N,341.49500000000006,4.525300000000004,43.7,25
DUYJMQONPNNFPI-UHFFFAOYSA-N,499.6190000000003,4.509800000000003,87.55,37
DWRIJNIPBUFCQS-DQEYMECFSA-N,668.6540000000005,6.056020000000007,69.14,47
DWYRIWUZIJHQKQ-SANMLTNESA-N,498.57000000000016,2.6077000000000004,106.28999999999999,37
DWZAEMINVBZMHQ-UHFFFAOYSA-N,615.7390000000003,3.022000000000001,128.29,45
DYDCPNMLZGFQTM-UHFFFAOYSA-N,440.76500000000016,1.9177000000000002,121.68,30
DYKFCLLONBREIL-KVUCHLLUSA-N,457.48300000000023,0.1866000000000017,164.63,33
DYLUUSLLRIQKOE-UHFFFAOYSA-N,473.3810000000001,4.292600000000002,108.74,33
FABPRXSRWADJSP-MEDUHNTESA-N,401.4380000000002,2.3705000000000007,83.80000000000001,29
FABUFPQFXZVHFB-PVYNADRNSA-N,506.7090000000003,4.050520000000002,112.05000000000001,35
FAEKWTJYAYMJKF-QHCPKHFHSA-N,452.5950000000003,5.219900000000005,78.87,33
FASDKYOPVNHBLU-ZETCQYMHSA-N,211.33399999999997,1.5822,50.94,14
FBHSPRKOSMHSIF-GRMWVWQJSA-N,441.5240000000002,2.5632,102.26,32
FBOUYBDGKBSUES-VXKWHMMOSA-N,362.47300000000007,3.864900000000003,32.78,27
FDBYIYFVSAHJLY-UHFFFAOYSA-N,435.2270000000001,2.0982800000000004,146.51999999999998,29
FDLYAMZZIXQODN-UHFFFAOYSA-N,434.47100000000034,2.3474000000000004,86.37,32
FDTZUTSGGSRHQF-UHFFFAOYSA-N,265.25,2.0092000000000003,105.36,18
FELGMEQIXOGIFQ-UHFFFAOYSA-N,293.37000000000006,3.1285200000000017,39.82,22
FFGPTBGBLSHEPO-UHFFFAOYSA-N,236.274,3.3872000000000018,46.330000000000005,18
FGQFOYHRJSUHMR-UHFFFAOYSA-N,404.28900000000016,4.2371000000000025,68.00999999999999,24
FIDLLEYNNRGVFR-CTNGQTDRSA-N,483.49600000000027,2.977500000000001,75.00999999999999,34
FIKPXCOQUIZNHB-WDEREUQCSA-N,355.3730000000001,2.5522,80.55000000000001,26
FIVSJYGQAIEMOC-ZGNKEGEESA-N,500.483,5.729500000000005,50.36,35
FJHBVJOVLFPMQE-QFIPXVFZSA-N,392.41100000000023,2.3476,101.65000000000002,29
FJZZPCZKBUKGGU-AUSIDOKSSA-N,404.55100000000016,3.4323000000000023,71.03000000000002,29
FKENQMMABCRJMK-RITPCOANSA-N,233.24499999999998,-0.794999999999999,91.75,15
FLSUCZWOEMTFAQ-PRBGKLEPSA-N,349.45500000000004,0.4064000000000001,100.9,21
FNHKPVJBJVTLMP-UHFFFAOYSA-N,482.82100000000014,5.688800000000002,92.35000000000001,33
FNKQXYHWGSIFBK-RPDRRWSUSA-N,241.251,-1.7002000000000006,136.29,17
FPOHNWQLNRZRFC-ZHACJKMWSA-N,349.43399999999997,3.3272200000000014,77.15,26
FRVSRBKUQZKTOW-YOCNBXQISA-N,630.831,4.678800000000004,107.97,44
FTALBRSUTCGOEG-UHFFFAOYSA-N,234.20199999999994,2.7771,48.14,15
FVTWTVQXNAJTQP-UHFFFAOYSA-N,428.5960000000003,5.140000000000005,29.46,32
FWLMVFUGMHIOAA-UHFFFAOYSA-N,510.5020000000002,2.3965000000000005,142.09999999999997,35
FWYSMLBETOMXAG-QHCPKHFHSA-N,572.559,5.707400000000006,77.84,41
FWZAWAUZXYCBKZ-NSHDSACASA-N,479.43400000000014,3.432200000000001,125.25999999999999,34
FYDWDCIFZSGNBU-UHFFFAOYSA-N,597.7600000000002,4.836000000000004,108.21000000000001,44
FYMHQCNFKNMJAV-HOTGVXAUSA-N,398.3940000000002,1.2223799999999996,107.59,29
GBLBJPZSROAGMF-RWYJCYHVSA-N,533.6120000000002,4.200140000000003,135.53,39
GBXSMTUPTTWBMN-XIRDDKMYSA-N,376.45300000000026,1.6046,95.94000000000001,27
GCKFUYQCUCGESZ-BPIQYHPVSA-N,324.4640000000001,4.048700000000004,37.3,24
GDLBFKVLRPITMI-UHFFFAOYSA-N,230.676,1.6818,58.53,14
GEJDGVNQKABXKG-CFKGEZKQSA-N,418.57800000000026,3.5641000000000025,74.02,30
GFHAXPJGXSQLPT-VIFPVBQESA-N,267.67600000000004,1.1630999999999994,95.92000000000002,18
GFNANZIMVAIWHM-OBYCQNJPSA-N,394.4390000000002,0.6204999999999998,115.06,28
GGCSSNBKKAUURC-UHFFFAOYSA-N,386.56100000000015,4.214800000000004,32.78,27
GGXICVAJURFBLW-CEYXHVGTSA-N,432.60100000000017,4.186400000000005,86.99000000000001,31
GHILNKWBALQPDP-UHFFFAOYSA-N,456.49600000000027,5.351780000000004,86.17,34
GJJFMKBJSRMPLA-DZGCQCFKSA-N,246.35399999999998,1.7713999999999999,46.33,18
GJPICJJJRGTNOD-UHFFFAOYSA-N,551.6250000000002,4.203900000000004,145.65,39
GJSURZIOUXUGAL-UHFFFAOYSA-N,230.09799999999998,2.3644999999999996,36.42,14
GKCBAIGFKIBETG-UHFFFAOYSA-N,264.3689999999999,2.617000000000001,41.57,19
GKHIVNAUVKXIIY-UHFFFAOYSA-N,452.51800000000014,4.820100000000003,104.82,34
GLYMPHUVMRFTFV-QLFBSQMISA-N,561.445,4.719400000000002,122.47,38
GMRQFYUYWCNGIN-NKMMMXOESA-N,416.6460000000002,5.704700000000008,60.69,30
GNXFOGHNGIVQEH-UHFFFAOYSA-N,241.24299999999994,0.5302000000000002,91.00999999999999,17
GOTYRUGSSMKFNF-UHFFFAOYSA-N,259.265,0.029799999999999882,92.5,19
GPNHMOZDMYNCPO-PDUMRIMRSA-N,402.5310000000003,3.7717000000000027,80.67000000000002,29
GPXBXXGIAQBQNI-UHFFFAOYSA-N,489.9310000000001,5.544200000000004,91.92,33
GXJABQQUPOEUTA-RDJZCZTQSA-N,384.24500000000006,0.36059999999999964,124.44000000000001,28
GXXLUDOKHXEFBQ-YJFSRANCSA-N,383.4950000000002,0.6602999999999999,93.44,25
GYDJEQRTZSCIOI-LJGSYFOKSA-N,157.21299999999997,0.8361000000000001,63.32000000000001,11
GYHCTFXIZSNGJT-UHFFFAOYSA-N,448.9500000000001,5.683140000000005,69.64,32
GYQYAJJFPNQOOW-UHFFFAOYSA-N,552.7240000000003,2.6972000000000014,121.10999999999999,40
GZOSMCIZMLWJML-VJLLXTKPSA-N,349.51800000000003,5.398600000000005,33.120000000000005,26
GZUITABIAKMVPG-UHFFFAOYSA-N,473.5940000000001,6.075200000000007,70.0,34
HARRKNSQXBRBGZ-GVKWWOCJSA-N,409.57400000000024,4.3436800000000035,78.91,30
HAYYBYPASCDWEQ-UHFFFAOYSA-N,560.6490000000001,5.026900000000005,85.52,41
HBOMLICNUCNMMY-XLPZGREQSA-N,267.245,-0.19628000000000012,133.07999999999998,19
HCDMJFOHIXMBOV-UHFFFAOYSA-N,487.5070000000004,3.6570000000000027,83.16,35
HCFDWZZGGLSKEP-UHFFFAOYSA-N,270.37600000000003,2.923300000000001,25.36,20
HCRKCZRJWPKOAR-JTQLQIEISA-N,383.5170000000001,0.08690000000000164,118.79999999999998,23
HDACQVRGBOVJII-JBDAPHQKSA-N,416.5180000000003,2.3831999999999995,95.94000000000001,30
HEAUOKZIVMZVQL-VWLOTQADSA-N,631.5980000000003,5.535020000000003,102.56,45
HEFNNWSXXWATRW-UHFFFAOYSA-N,206.28499999999997,3.073200000000001,37.3,15
HEVHTYMYEMEBPX-HZPDHXFCSA-N,405.4770000000001,4.4345000000000026,77.47,30
HFNKQEVNSGCOJV-OAHLLOKOSA-N,306.37300000000005,3.466380000000001,83.17999999999999,23
HFZITXBUTWITPT-YWVKMMECSA-N,314.32300000000004,-3.4283999999999963,116.27999999999999,21
HGVDHZBSSITLCT-JLJPHGGASA-N,548.0690000000001,1.2896000000000014,136.63,37
HHZIURLSWUIHRB-UHFFFAOYSA-N,529.5260000000001,6.355840000000005,97.62,39
HIFJCPQKFCZDDL-ACWOEMLNSA-N,360.4940000000001,3.541300000000003,77.76,26
HJBWBFZLDZWPHF-UHFFFAOYSA-N,477.4430000000002,3.5315800000000026,89.33000000000001,33
HKDLNTKNLJPAIY-WKWWZUSTSA-N,433.59200000000016,4.972200000000005,57.61,32
HKHCSWPSUSWGLI-CABCVRRESA-N,209.29199999999997,2.700700000000001,12.03,16
HKXBNHCUPKIYDM-CGMHZMFXSA-N,412.65800000000024,6.6118000000000094,40.46,30
HMABYWSNWIZPAG-UHFFFAOYSA-N,323.371,2.979300000000001,56.92,24
HNPFPERDNWXAGS-NFVOFSAMSA-N,390.52000000000004,3.319400000000002,97.99000000000001,28
HOIIHACBCFLJET-SFTDATJTSA-N,393.5060000000001,3.9165000000000036,26.79,29
HPHUVLMMVZITSG-LURJTMIESA-N,170.212,-0.12729999999999997,63.400000000000006,12
HPJKCIUCZWXJDR-UHFFFAOYSA-N,285.31,2.65916,78.29,22
HPNSFSBZBAHARI-RUDMXATFSA-N,320.341,2.73322,93.06000000000002,23
HSUGRBWQSSZJOP-RTWAWAEBSA-N,414.52700000000016,3.368500000000002,59.080000000000005,29
HTIQEAQVCYTUBX-KRWDZBQOSA-N,408.88200000000006,2.266300000000001,99.88000000000001,28
HTIQEAQVCYTUBX-UHFFFAOYSA-N,408.88200000000006,2.266300000000001,99.88000000000001,28
HUNGUWOZPQBXGX-UHFFFAOYSA-N,431.5360000000001,3.318500000000001,63.69,32
HVFLCNVBZFFHBT-ZKDACBOMSA-N,480.5720000000003,-1.2798999999999958,150.04000000000002,32
HWGQMRYQVZSGDQ-HZPDHXFCSA-N,380.35800000000006,2.6285000000000007,88.49000000000001,28
HWXVIOGONBBTBY-ONEGZZNKSA-N,472.58900000000017,4.466800000000004,67.68,35
HYAFETHFCAUJAY-UHFFFAOYSA-N,356.44700000000006,3.159600000000001,68.28999999999999,25
HYHMLYSLQUKXKP-UHFFFAOYSA-N,344.492,4.469900000000003,94.83,24
HZIYEEMJNBKMJH-UHFFFAOYSA-N,688.6060000000004,5.736620000000006,106.03,47
IAKHMKGGTNLKSZ-INIZCTEOSA-N,399.4430000000002,2.871600000000001,83.09,29
IAVUPMFITXYVAF-XPUUQOCRSA-N,324.44900000000007,0.612,106.32999999999998,19
IDUYJRXRDSPPRC-NRFANRHFSA-N,527.4000000000002,4.6342000000000025,85.95,37
IEAKXXNRGSLYTQ-DEOSSOPVSA-N,483.05200000000025,7.517460000000006,25.360000000000003,33
IFSDAJWBUCMOAH-HNNXBMFYSA-N,415.43200000000013,3.7543000000000015,101.38000000000002,31
IIXWYSCJSQVBQM-LLVKDONJSA-N,406.4210000000001,2.8006800000000016,110.06,30
IKENVDNFQMCRTR-UHFFFAOYSA-N,498.58600000000024,6.507320000000005,78.09,38
IKKXOSBHLYMWAE-QRPMWFLTSA-N,293.258,-0.8083000000000005,119.31,21
IMOZEMNVLZVGJZ-QGZVFWFLSA-N,460.5080000000002,2.4342000000000006,119.08,32
INJOMKTZOLKMBF-UHFFFAOYSA-N,246.097,1.5455700000000003,78.97,15
IOOWNWLVCOUUEX-WPRPVWTQSA-N,297.141,0.4487999999999997,95.86000000000001,20
IPOKCKJONYRRHP-FMQUCBEESA-N,357.3220000000001,2.7103,148.65,26
IPVQLZZIHOAWMC-QXKUPLGCSA-N,368.47400000000016,1.940599999999999,95.94000000000001,26
IQFYYKKMVGJFEH-CSMHCCOUSA-N,242.23099999999997,-1.5142799999999992,104.54999999999998,17
IQIBKLWBVJPOQO-UHFFFAOYSA-N,323.41700000000003,3.953000000000003,50.19,23
IQPSEEYGBUAQFF-UHFFFAOYSA-N,383.37600000000003,2.8843000000000005,92.32000000000001,26
IQVRBWUUXZMOPW-PKNBQFBNSA-N,384.4360000000002,2.1241000000000003,80.28,28
IRSCQMHQWWYFCW-UHFFFAOYSA-N,255.23399999999998,-1.970899999999999,139.28,18
IUBSYMUCCVWXPE-UHFFFAOYSA-N,267.36899999999997,1.6132,50.72,19
IUEWXNHSKRWHDY-PHIMTYICSA-N,323.4220000000001,1.2544999999999995,90.97999999999999,22
IVBHGBMCVLDMKU-GXNBUGAJSA-N,517.5640000000003,-0.24029999999999685,156.43,36
IYIKLHRQXLHMJQ-UHFFFAOYSA-N,645.3190000000002,6.936200000000007,42.68,31
IYSYPCSSDZBWHN-UHFFFAOYSA-N,295.4069999999999,3.672200000000003,29.1,21
JAUOIFJMECXRGI-UHFFFAOYSA-N,310.8280000000001,4.018900000000002,24.92,22
JBIMVDZLSHOPLA-LSCVHKIXSA-N,337.4190000000001,3.589500000000002,49.769999999999996,25
JBKPUQTUERUYQE-UHFFFAOYSA-O,137.162,0.3191999999999999,36.47,10
JCCNYMKQOSZNPW-UHFFFAOYSA-N,382.89100000000025,4.887800000000005,42.43,27
JDUBGYFRJFOXQC-KRWDZBQOSA-N,428.9240000000002,2.1489000000000003,120.16,30
JEECQCWWSTZDCK-IQZGDKDPSA-N,556.6600000000003,1.3223000000000011,176.65999999999997,40
JFOZKMSJYSPYLN-QHCPKHFHSA-N,615.4910000000003,4.767300000000004,133.99,41
JGCMEBMXRHSZKX-UHFFFAOYSA-N,588.2820000000002,3.572700000000003,128.22000000000003,32
JGRXMPYUTJLTKT-UHFFFAOYSA-N,306.70500000000004,1.9219999999999993,99.52000000000001,21
JGWRKYUXBBNENE-UHFFFAOYSA-N,417.82200000000006,5.228000000000002,66.49000000000001,29
JIVPVXMEBJLZRO-UHFFFAOYSA-N,338.77200000000005,0.9242000000000001,109.49000000000001,22
JJVAPHYEOZSKJZ-JGCGQSQUSA-N,638.817,3.451520000000002,120.66999999999999,47
JKVNJTYHRABHIY-WXVUKLJWSA-N,391.46700000000016,3.7150000000000025,48.00000000000001,29
JOLJIIDDOBNFHW-UHFFFAOYSA-N,281.425,3.2161000000000017,38.25000000000001,19
JOOXLOJCABQBSG-UHFFFAOYSA-N,524.6910000000001,4.823620000000004,108.48000000000002,37
JQSHBVHOMNKWFT-DTORHVGOSA-N,211.26799999999994,1.8038999999999998,37.81,16
JURKNVYFZMSNLP-UHFFFAOYSA-N,275.39500000000004,4.553800000000004,3.24,21
JUZYLCPPVHEVSV-LJQANCHMSA-N,447.8900000000002,4.281000000000002,88.76,31
JVHXJTBJCFBINQ-ADAARDCZSA-N,408.87800000000004,1.8443999999999996,99.38000000000001,28
JVLBPIPGETUEET-WIXLDOGYSA-O,356.44200000000023,1.6699999999999997,66.76,26
JWHYSEDOYMYMNM-QGZVFWFLSA-N,444.4710000000002,5.053420000000005,64.99000000000001,30
JWJOTENAMICLJG-QWBYCMEYSA-N,528.537,6.576100000000006,58.2,37
JWNPDZNEKVCWMY-VQHVLOKHSA-N,557.054,5.932480000000005,112.39999999999999,40
JWUBBDSIWDLEOM-DTOXIADCSA-N,400.6470000000002,6.733900000000008,40.46,29
JYGXADMDTFJGBT-VWUMJDOOSA-N,362.4660000000002,1.7815999999999996,94.83,26
JYTNQNCOQXFQPK-MRXNPFEDSA-N,450.9300000000002,4.111320000000004,80.29,32
JZUFKLXOESDKRF-UHFFFAOYSA-N,297.74500000000006,-0.35129999999999967,118.35999999999999,17
KAQKFAOMNZTLHT-OZUDYXHBSA-N,352.471,3.4085000000000023,86.99000000000001,25
KBOPZPXVLCULAV-UHFFFAOYSA-N,153.137,0.6726000000000001,83.55,11
KDGFLJKFZUIJMX-UHFFFAOYSA-N,482.62800000000027,4.773280000000004,72.36,36
KDLRVYVGXIQJDK-AWPVFWJPSA-N,424.9910000000001,0.3895000000000004,102.26,27
KEDYTOTWMPBSLG-HILJTLORSA-N,388.4640000000002,1.9046999999999994,106.94000000000001,28
KEIPNCCJPRMIAX-HNNXBMFYSA-N,418.4570000000002,1.7849,108.39,31
KENSGCYKTRNIST-RVUAFKSESA-N,399.48700000000014,1.9924,96.19,29
KFQYTPMOWPVWEJ-INIZCTEOSA-N,315.482,4.265700000000003,23.47,22
KGFYHTZWPPHNLQ-AWEZNQCLSA-N,435.8890000000001,2.5199000000000007,88.18,29
KGSXMPPBFPAXLY-UHFFFAOYSA-N,456.45800000000014,4.1918000000000015,123.23999999999998,34
KIHYPELVXPAIDH-HNSNBQBZSA-N,516.6040000000002,6.7727000000000075,62.129999999999995,37
KIQXRQVVYTYYAZ-VKVYFNERSA-N,410.4570000000001,3.816000000000003,86.99000000000001,29
KJADKKWYZYXHBB-XBWDGYHZSA-N,339.3660000000001,-0.3953999999999982,115.54,22
KJFBVJALEQWJBS-XUXIUFHCSA-N,376.24000000000007,1.7748999999999993,99.77000000000001,24
KJHKTHWMRKYKJE-SUGCFTRWSA-N,628.8139999999999,4.328140000000003,120.0,46
KKGQTZUTZRNORY-UHFFFAOYSA-N,307.478,3.204300000000001,66.48,22
KPBZROQVTHLCDU-UHFFFAOYSA-N,456.3220000000001,4.245200000000003,90.92999999999999,30
KPVIXBKIJXZQJX-CSOZIWFHSA-N,507.7370000000003,3.8668000000000036,109.85000000000001,35
KPWSJANDNDDRMB-QAQDUYKDSA-N,427.4200000000002,4.335500000000003,38.82000000000001,28
KPYSYYIEGFHWSV-UHFFFAOYSA-N,213.664,1.857,63.32000000000001,14
KQKPFRSPSRPDEB-UHFFFAOYSA-N,295.408,1.3211999999999997,65.2,20
KRNAOFGYEFKHPB-ANJVHQHFSA-N,534.5670000000003,4.490000000000004,119.12999999999998,39
KSGXQBZTULBEEQ-UHFFFAOYSA-N,627.7460000000003,5.812270000000005,151.52999999999997,46
KSMAGQUYOIHWFS-UHFFFAOYSA-N,259.13599999999997,2.7624000000000004,33.62,16
KTEIFNKAUNYNJU-GFCCVEGCSA-N,450.34500000000014,5.037700000000004,77.99,30
KTUFNOKKBVMGRW-UHFFFAOYSA-N,493.6150000000002,4.590320000000004,86.28000000000002,37
KVWDHTXUZHCGIO-UHFFFAOYSA-N,312.4420000000001,3.4392200000000033,30.870000000000005,22
KWGRBVOPPLSCSI-WCBMZHEXSA-N,165.236,1.3278999999999999,32.26,12
KWGRBVOPPLSCSI-WPRPVWTQSA-N,165.236,1.3278999999999999,32.26,12
KWTSXDURSIMDCE-QMMMGPOBSA-N,135.20999999999998,1.5763,26.02,10
KWTSXDURSIMDCE-UHFFFAOYSA-N,135.20999999999998,1.5763,26.02,10
KWTWDQCKEHXFFR-SMDDNHRTSA-N,221.34399999999997,3.0835000000000017,23.47,16
KXNPVXPOPUZYGB-IOVMHBDKSA-N,508.6450000000003,0.9125700000000025,177.71,35
KYYIDSXMWOZKMP-UHFFFAOYSA-N,263.381,2.7326000000000006,43.7,19
LCQLHJZYVOQKHU-VKHMYHEASA-N,190.155,-1.0273000000000003,129.72,13
LDCRTTXIJACKKU-ONEGZZNKSA-N,144.12599999999998,-0.11140000000000017,52.60000000000001,10
LDEKQSIMHVQZJK-CAQYMETFSA-N,476.47400000000016,2.9729,143.48,33
LEBVLXFERQHONN-UHFFFAOYSA-N,288.43500000000006,3.8965400000000026,32.34,21
LERNTVKEWCAPOY-DZZGSBJMSA-N,392.5220000000001,2.3457,59.06,26
LEZWWPYKPKIXLL-UHFFFAOYSA-N,381.69000000000005,5.801400000000003,27.05,24
LFQDNHWZDQTITF-UHFFFAOYSA-N,151.933,0.043399999999999994,29.46,11
LHHCSNFAOIFYRV-DOVBMPENSA-N,519.6870000000004,1.7112000000000023,150.70000000000002,37
LIENCHBZNNMNKG-OJFNHCPVSA-N,499.5340000000003,1.0971800000000007,131.4,35
LIOLIMKSCNQPLV-UHFFFAOYSA-N,412.42800000000005,3.429000000000002,85.07000000000001,31
LIRYPHYGHXZJBZ-UHFFFAOYSA-N,615.4029999999999,3.940120000000002,107.13,37
LKJPYSCBVHEWIU-UHFFFAOYSA-N,430.3790000000001,2.8795800000000007,107.25999999999999,29
LLPOLZWFYMWNKH-CMKMFDCUSA-N,299.37000000000006,1.9333,38.77,22
LMMJFBMMJUMSJS-UHFFFAOYSA-N,471.4700000000002,2.6847200000000004,136.31,33
LOMMPXLFBTZENJ-ZACQAIPSSA-N,383.34700000000004,3.2888800000000016,87.39,26
LOUPRKONTZGTKE-LHHVKLHASA-N,324.4240000000001,3.1732000000000014,45.59,24
LOWWYYZBZNSPDT-ZBEGNZNMSA-N,310.36100000000005,1.2987799999999996,88.91,23
LPAUOXUZGSBGDU-STDDISTJSA-N,460.9830000000001,4.267320000000003,82.36,31
LPQZKKCYTLCDGQ-WEDXCCLWSA-N,300.296,-1.523199999999998,122.45999999999998,20
LRFKWQGGENFBFO-IBGZPJMESA-N,387.45700000000005,3.3213000000000017,113.01000000000002,26
LSQZJLSUYDQPKJ-NJBDSQKTSA-N,365.4110000000001,0.023700000000000443,132.96,25
LTXBFJFJUIJOQE-GOSISDBHSA-N,321.38000000000005,2.4081,88.24000000000001,24
LTXREWYXXSTFRX-QGZVFWFLSA-N,472.5530000000002,1.1474199999999997,116.86000000000001,35
LUKZNWIVRBCLON-GXOBDPJESA-N,540.6970000000002,4.703900000000005,99.13000000000001,39
LUMKNAVTFCDUIE-VHXPQNKSSA-N,378.899,5.645700000000005,29.46,27
LUZRJRNZXALNLM-JGRZULCMSA-N,583.6890000000001,2.0811000000000024,118.21000000000001,43
LVXJQMNHJWSHET-AATRIKPKSA-N,469.9480000000004,5.1551000000000045,79.38000000000001,33
LWQQLNNNIPYSNX-UROSTWAQSA-N,412.6140000000003,5.090600000000006,60.69,30
LXBIFEVIBLOUGU-DPYQTVNSSA-N,163.173,-2.9667999999999988,92.95,11
LXMSZDCAJNLERA-ZHYRCANASA-N,416.58300000000025,4.852300000000005,60.44,29
LZFZMUMEGBBDTC-QEJZJMRPSA-N,348.39900000000017,1.1261000000000003,106.94000000000001,25
MAEIEVLCKWDQJH-UHFFFAOYSA-N,364.42300000000006,3.036500000000001,118.71999999999998,25
MBBCVAKAJPKAKM-UHFFFAOYSA-N,693.7320000000003,8.382100000000005,61.440000000000005,50
MBUVEWMHONZEQD-UHFFFAOYSA-N,381.9070000000002,4.297500000000004,38.13,27
MCGSCOLBFJQGHM-SCZZXKLOSA-N,286.33900000000006,1.0922999999999998,101.88,21
MCIACXAZCBVDEE-CUUWFGFTSA-N,436.88800000000003,1.3564999999999994,108.61000000000001,30
MDSQOJYHHZBZKA-GBXCKJPGSA-N,574.991,4.988620000000003,131.17,40
MEJLVLMAJJRLCR-GCCNXGTGSA-N,542.7240000000003,0.8942000000000003,142.70000000000002,36
METQSPRSQINEEU-HXCATZOESA-N,366.50100000000015,4.305900000000004,43.370000000000005,27
MEZLKOACVSPNER-GFCCVEGCSA-N,187.286,2.1826,3.24,14
MFBCDACCJCDGBA-UHFFFAOYSA-N,459.58600000000035,5.987600000000008,70.0,34
MFFMDFFZMYYVKS-SECBINFHSA-N,407.31800000000015,2.0164999999999997,77.04,28
MJIHNNLFOKEZEW-RUZDIDTESA-N,369.3680000000001,3.515220000000001,73.86,25
MJIHNNLFOKEZEW-UHFFFAOYSA-N,369.3680000000001,3.515220000000001,73.86,25
MJUVRTYWUMPBTR-MRXNPFEDSA-N,520.5040000000002,3.395300000000002,113.18,37
MKJIEFSOBYUXJB-HOCLYGCPSA-N,317.4290000000001,3.238100000000002,38.77,23
MKJIEFSOBYUXJB-WEZHFFAMSA-N,323.4656106680001,3.238100000000002,38.77,23
MKPLKVHSHYCHOC-AHTXBMBWSA-N,500.5540000000002,4.427400000000005,96.22000000000001,35
MKUXAQIIEYXACX-UHFFFAOYSA-N,225.20799999999997,-1.3318000000000003,119.04999999999998,16
MKXZASYAUGDDCJ-NJAFHUGGSA-N,271.404,3.3834000000000026,12.47,20
MLBVMOWEQCZNCC-OEMFJLHTSA-N,585.6160000000002,2.5198,177.72,39
MLDQJTXFUGDVEO-UHFFFAOYSA-N,464.83100000000013,5.549700000000003,92.35000000000001,32
MLYYVTUWGNIJIB-BXKDBHETSA-N,454.5190000000002,-0.6360799999999995,156.08999999999997,29
MNDBXUUTURYVHR-UHFFFAOYSA-N,403.21200000000016,5.030900000000003,60.45,26
MOTJMGVDPWRKOC-QPVYNBJUSA-N,510.63100000000026,4.694000000000004,88.54,37
MOYKHGMNXAOIAT-JGWLITMVSA-N,236.13599999999997,-1.0622000000000003,123.20000000000002,16
MQJKPEGWNLWLTK-UHFFFAOYSA-N,248.30700000000002,1.6838000000000002,86.18,17
MQOBSOSZFYZQOK-UHFFFAOYSA-N,318.75600000000003,3.8130000000000033,63.60000000000001,22
MRBDMNSDAVCSSF-UHFFFAOYSA-N,281.35900000000004,2.840420000000001,47.86,21
MSYKRHVOOPPJKU-BDAKNGLRSA-N,212.29299999999995,0.8988999999999999,63.4,15
MUGXRYIUWFITCP-PGRDOPGGSA-N,410.4240000000001,3.742040000000002,77.0,30
MUMGGOZAMZWBJJ-DYKIIFRCSA-N,288.431,3.879200000000003,37.3,21
MVGWUTBTXDYMND-QGZVFWFLSA-N,457.49200000000025,6.927800000000006,62.31999999999999,33
MVRHVFSOIWFBTE-INIZCTEOSA-N,597.664,4.020020000000003,124.24000000000001,41
MVWVFYHBGMAFLY-UHFFFAOYSA-N,412.9460000000002,3.809000000000002,48.470000000000006,28
MWKYMZXCGYXLPL-ZDUSSCGKSA-N,450.4650000000002,2.884500000000002,83.48,32
MWLSOWXNZPKENC-UHFFFAOYSA-N,236.29599999999996,2.7321999999999997,66.56,16
MWTBKTRZPHJQLH-UHFFFAOYSA-N,307.39700000000005,2.7792000000000012,38.13,23
MXAYKZJJDUDWDS-LBPRGKRZSA-N,361.034,1.2660999999999993,98.66000000000001,23
MYSWGUAQZAJSOK-UHFFFAOYSA-N,331.34700000000004,1.5833,74.57,24
NBGABHGMJVIVBW-QHCPKHFHSA-N,450.9300000000001,4.265420000000003,88.93,32
NBRBXGKOEOGLOI-UHFFFAOYSA-N,493.58500000000026,4.023600000000002,110.25999999999999,35
NCLGDOBQAWBXRA-PGRDOPGGSA-N,546.9370000000002,4.510120000000002,142.17000000000002,38
NCNRHFGMJRPRSK-MDZDMXLPSA-N,318.354,2.0060000000000002,95.5,22
NDAUXUAQIAJITI-LBPRGKRZSA-N,239.315,1.3059999999999998,72.72,17
NDAUXUAQIAJITI-UHFFFAOYSA-N,239.315,1.3059999999999998,72.72,17
NDCUAPJVLWFHHB-UHNVWZDZSA-N,265.247,-1.5252999999999983,130.23999999999998,17
NDDAHWYSQHTHNT-UHFFFAOYSA-N,365.84200000000004,2.0834,92.5,24
NEMGRZFTLSKBAP-LBPRGKRZSA-N,302.34900000000005,2.3681,64.35,22
NEQYWYXGTJDAKR-JTQLQIEISA-N,354.797,2.9249800000000006,90.68,25
NFEZZTICAUWDHU-RDTXWAMCSA-N,348.3970000000001,2.4846000000000004,54.18,25
NGBFQHCMQULJNZ-UHFFFAOYSA-N,348.4280000000001,2.5299199999999997,100.19,24
NHHQJBCNYHBUSI-UHFFFAOYSA-N,470.4610000000003,3.6332000000000013,128.75,34
NIJJYAXOARWZEE-UHFFFAOYSA-N,144.214,2.2874,37.3,10
NKANXQFJJICGDU-QPLCGJKRSA-N,371.524,5.9961000000000055,12.47,28
NKHAVTQWNUWKEO-NSCUHMNNSA-N,130.099,-0.19980000000000003,63.60000000000001,9
NNACHAUCXXVJSP-UHFFFAOYSA-N,295.8539999999999,4.165200000000003,12.47,20
NNJVILVZKWQKPM-UHFFFAOYSA-N,234.343,2.5837400000000006,32.34,17
NOZIJMHMKORZBA-KJCUYJGMSA-N,591.5570000000001,8.523600000000004,97.75,39
NQDJXKOVJZTUJA-UHFFFAOYSA-N,266.30400000000003,2.6512200000000004,58.120000000000005,20
NSQSAUGJQHDYNO-UHFFFAOYSA-N,572.75,4.734660000000003,86.9,42
NTJOBXMMWNYJFB-UHFFFAOYSA-N,369.4870000000002,1.2851000000000006,101.73,25
NUKYPUAOHBNCPY-UHFFFAOYSA-N,94.11699999999999,0.6638000000000001,38.91,7
NXQKSXLFSAEQCZ-SFHVURJKSA-N,560.6050000000001,4.4814200000000035,104.45000000000002,41
NYDCDZSEEAUOHN-IZHYLOQSSA-N,357.497,5.653900000000005,21.259999999999998,27
NYNZQNWKBKUAII-KBXCAEBGSA-N,428.44300000000015,2.9475000000000016,86.00000000000001,31
OBWASQILIWPZMG-QZMOQZSNSA-N,450.91500000000013,1.6133999999999993,108.61000000000001,31
ODAIHABQVKJNIY-PEDHHIEDSA-N,340.4200000000001,1.4621,106.94000000000001,24
OEKWJQXRCDYSHL-FNOIDJSQSA-N,522.5780000000002,2.0136999999999996,138.44,36
OEOLOEUAGSPDLT-UHFFFAOYSA-N,289.31700000000006,-1.587399999999998,138.48,19
OEXHQOGQTVQTAT-JRNQLAHRSA-N,332.464,2.8541000000000016,46.53,24
OFCNXPDARWKPPY-UHFFFAOYSA-N,136.11399999999998,-0.35380000000000006,74.43,10
OFPXSFXSNFPTHF-UHFFFAOYSA-N,293.32200000000006,4.025800000000003,63.33,22
OFZJKCQENFPZBH-UHFFFAOYSA-N,649.6700000000003,6.581400000000007,101.90000000000002,42
OGHNVEJMJSYVRP-UHFFFAOYSA-N,406.482,3.738000000000002,75.74000000000001,30
OGQICQVSFDPSEI-UHFFFAOYSA-N,351.47100000000006,4.431500000000004,39.19,25
OHRURASPPZQGQM-GCCNXGTGSA-N,540.7080000000002,1.4296000000000009,142.70000000000002,36
OIGNJSKKLXVSLS-VWUMJDOOSA-N,360.4500000000002,1.5575999999999999,94.83,26
OJFSXZCBGQGRNV-UHFFFAOYSA-N,290.794,3.4026000000000023,25.36,20
OJQMKCBWYCWFPU-UHFFFAOYSA-N,419.5250000000001,4.906800000000004,75.55,31
OLAHOMJCDNXHFI-UHFFFAOYSA-N,446.5550000000001,4.183600000000003,77.33,33
OLNTVTPDXPETLC-XPWALMASSA-N,409.4320000000001,4.888300000000004,60.77,30
ONIQOQHATWINJY-UHFFFAOYSA-N,501.51400000000024,5.5408000000000035,98.78000000000002,37
OPXLLQIJSORQAM-UHFFFAOYSA-N,295.298,2.972200000000001,84.07999999999998,22
OROGSEYTTFOCAN-DNJOTXNNSA-N,299.3700000000001,1.5010999999999999,41.93,22
OUBCNLGXQFSTLU-UHFFFAOYSA-N,329.2300000000001,2.7346000000000013,94.35,23
OUJTZYPIHDYQMC-LJQANCHMSA-N,378.4280000000001,3.515640000000001,81.54,28
OURRXQUGYQRVML-AREMUKBSSA-N,453.54200000000014,4.8896400000000035,94.31,34
OXPLANUPKBHPMS-ZXBNPROVSA-N,470.60600000000045,3.497000000000003,93.06000000000002,34
OYTKINVCDFNREN-UHFFFAOYSA-N,109.132,0.2460000000000001,64.92999999999999,8
OYYDSUSKLWTMMQ-JKHIJQBDSA-N,392.519,3.769700000000003,46.53,29
OZGNYLLQHRPOBR-DHZHZOJOSA-N,287.406,4.985000000000004,3.24,22
OZOMQRBLCMDCEG-VIZOYTHASA-N,314.257,1.7404999999999997,118.05000000000001,23
OZVBMTJYIDMWIL-AYFBDAFISA-N,654.6059999999999,3.192800000000001,118.21,43
OZWKMVRBQXNZKK-UHFFFAOYSA-N,255.27299999999997,2.291,59.3,19
PAJMKGZZBBTTOY-ZFORQUDYSA-N,390.5200000000002,3.583200000000003,86.99000000000001,28
PBAPPPCECJKMCM-IBGZPJMESA-N,396.516,2.7722000000000007,100.27,28
PCHKPVIQAHNQLW-CQSZACIVSA-N,320.396,2.591400000000001,72.94,24
PCOBBVZJEWWZFR-UHFFFAOYSA-N,303.33700000000005,3.588400000000001,76.38,22
PDGKHKMBHVFCMG-UHFFFAOYSA-N,446.55900000000037,2.724500000000001,91.21,33
PDWUPXJEEYOOTR-UHFFFAOYSA-N,275.09299999999996,1.27427,61.900000000000006,12
PEMUGDMSUDYLHU-ZEQRLZLVSA-N,604.1299999999999,4.732980000000004,88.83000000000001,43
PGTVWKLGGCQMBR-FLBATMFCSA-N,332.5280000000001,4.985300000000005,37.3,24
PHLBKPHSAVXXEF-UHFFFAOYSA-N,371.8720000000001,2.3617,45.78,26
PHXJVRSECIGDHY-UHFFFAOYSA-N,532.5700000000002,4.456020000000003,65.77000000000001,39
PIBARDGJJAGJAJ-NQIIRXRSSA-N,580.418,3.7395200000000015,122.97000000000001,38
PJDFLNIOAUIZSL-UHFFFAOYSA-N,129.159,0.36450000000000005,63.32000000000001,9
PJMPHNIQZUBGLI-UHFFFAOYSA-N,336.47900000000004,4.136700000000004,23.550000000000004,25
PMXMIIMHBWHSKN-UHFFFAOYSA-N,426.49200000000025,3.081320000000002,84.39,31
PNCPYILNMDWPEY-QGZVFWFLSA-N,495.5420000000002,3.0711000000000013,97.05000000000001,35
PNVNVHUZROJLTJ-UHFFFAOYSA-N,277.4079999999999,3.0356000000000014,32.7,20
POGQSBRIGCQNEG-UHFFFAOYSA-N,238.197,0.7035000000000001,73.80000000000001,17
PPSNFPASKFYPMN-SECBINFHSA-N,358.40200000000004,2.46112,76.80000000000001,25
PQXKDMSYBGKCJA-CVTJIBDQSA-N,492.68900000000025,4.255800000000003,56.75000000000001,35
PRMWGUBFXWROHD-UHFFFAOYSA-N,349.3930000000001,4.4381800000000045,58.68,27
PSIFNNKUMBGKDQ-UHFFFAOYSA-N,422.9200000000001,4.2668000000000035,92.50999999999999,30
PTOIAAWZLUQTIO-GXFFZTMASA-N,245.32199999999995,2.2512,38.33,18
PUKBOVABABRILL-YZNIXAGQSA-N,581.6540000000003,8.048040000000006,61.440000000000005,42
PURKAOJPTOLRMP-ASMGOKTBSA-N,401.55391600200016,5.081000000000004,82.19,29
PURKAOJPTOLRMP-UHFFFAOYSA-N,392.49900000000014,5.081000000000005,82.19,29
PYGWGZALEOIKDF-UHFFFAOYSA-N,435.2850000000001,4.717400000000002,120.63999999999999,28
PYNXFZCZUAOOQC-UTKZUKDTSA-N,411.49800000000016,3.8350000000000017,92.7,30
PYZRQGJRPPTADH-UHFFFAOYSA-N,256.09599999999995,2.0098,90.71,16
PZBCKZWLPGJMAO-UHFFFAOYSA-N,480.5290000000002,0.661800000000002,139.79000000000002,35
PZFAZQUREQIODZ-LJQANCHMSA-N,448.5270000000003,1.0870999999999995,94.28,33
QADPYRIHXKWUSV-UHFFFAOYSA-N,560.4860000000001,5.354400000000004,95.09,38
QCHFTSOMWOSFHM-WPRPVWTQSA-N,208.261,1.1618000000000002,44.12,15
QCZAWDGAVJMPTA-RNFRBKRXSA-N,414.741,4.312400000000001,75.62,27
QDGZDCVAUDNJFG-FXQIFTODSA-N,277.284,-0.8278000000000001,130.04999999999998,20
QEFAQIPZVLVERP-UHFFFAOYSA-N,254.289,1.5276,86.18,19
QFFGVLORLPOAEC-SNVBAGLBSA-N,393.8460000000001,3.144700000000001,88.56,27
QFNHIDANIVGXPE-FNZWTVRRSA-N,569.6620000000003,4.159040000000003,164.63,42
QGJUIPDUBHWZPV-SGTAVMJGSA-N,315.4170000000001,1.157979999999999,90.35000000000001,23
QHMBSVQNZZTUGM-ZWKOTPCHSA-N,314.469,5.846500000000006,40.46,23
QIVUCLWGARAQIO-OLIXTKCUSA-N,603.5230000000003,3.9479000000000015,104.29,43
QKDRXGFQVGOQKS-CRSSMBPESA-N,424.946,3.172600000000002,79.15,28
QNZCBYKSOIHPEH-UHFFFAOYSA-N,459.5060000000003,2.699600000000001,110.75999999999999,34
QOIGKGMMAGJZNZ-UHFFFAOYSA-N,359.47400000000016,1.5539999999999996,69.64000000000001,26
QQHMKNYGKVVGCZ-UHFFFAOYSA-N,242.666,0.28967,92.81,16
QRPZBKAMSFHVRW-UHFFFAOYSA-N,473.49300000000034,1.6279199999999991,126.30999999999997,35
QTGIAADRBBLJGA-UHFFFAOYSA-N,284.38100000000003,2.16972,67.43,19
QTWZICCBKBYHDM-UHFFFAOYSA-N,285.41599999999994,4.026800000000002,18.509999999999998,20
QUIJNHUBAXPXFS-XLJNKUFUSA-N,555.5160000000003,7.1305000000000085,45.59,37
QXWYKJLNLSIPIN-JGVFFNPUSA-N,213.189,-0.4569000000000002,124.01000000000002,15
QXWZQTURMXZVHJ-UHFFFAOYSA-N,496.6330000000002,3.8980000000000032,101.49000000000001,35
QYSXJUFSXHHAJI-YRZJJWOYSA-N,384.6480000000002,7.619000000000008,20.23,28
QZFHIXARHDBPBY-UHFFFAOYSA-N,426.3870000000001,2.557499999999999,146.86,31
QZUDBNBUXVUHMW-UHFFFAOYSA-N,326.83100000000013,3.7227000000000023,30.869999999999997,23
QZZUEBNBZAPZLX-QFIPXVFZSA-N,392.49900000000014,3.148900000000001,85.35,29
RAPZEAPATHNIPO-UHFFFAOYSA-N,410.4930000000003,3.5904200000000026,64.16,30
RBTBFTRPCNLSDE-UHFFFAOYSA-N,284.408,3.862600000000003,19.370000000000005,20
RDOIQAHITMMDAJ-UHFFFAOYSA-N,477.0480000000002,5.088000000000005,43.78,34
RENRQMCACQEWFC-UGKGYDQZSA-N,422.5250000000002,4.925320000000004,74.79,31
RGFBRLNVZCCMSV-BIRGHMBHSA-N,604.7209999999999,-0.03739999999999888,179.7,39
RHWKPHLQXYSBKR-BMIGLBTASA-N,419.3840000000002,1.3528,100.86999999999999,30
RHXHGRAEPCAFML-UHFFFAOYSA-N,434.54800000000023,2.7964,91.21000000000001,32
RITAVMQDGBJQJZ-FMIVXFBMSA-N,386.48,4.639100000000004,70.67,28
RJCWBNBKOKFWNY-IDPLTSGASA-N,554.7220000000002,6.729780000000008,87.03,40
RJKFOVLPORLFTN-LEKSSAKUSA-N,314.46900000000005,4.723500000000005,34.14,23
RKEWSXXUOLRFBX-UHFFFAOYSA-N,427.5640000000002,4.6665000000000045,44.81,31
RKUNBYITZUJHSG-SPUOUPEWSA-N,289.37500000000006,1.9308999999999996,49.769999999999996,21
RLAWWYSOJDYHDC-BZSNNMDCSA-N,405.49500000000023,1.2352000000000007,132.95999999999998,29
RLCLASQCAPXVLM-NSHDSACASA-N,273.33600000000007,2.2906,66.89,20
RMMXLENWKUUMAY-UHFFFAOYSA-N,514.6290000000004,7.2644200000000065,72.94,39
RMRJXGBAOAMLHD-IHFGGWKQSA-N,467.6500000000003,4.413800000000004,62.16,34
RNOAOAWBMHREKO-QFIPXVFZSA-N,471.5610000000002,4.222600000000003,102.48000000000002,35
RRMJMHOQSALEJJ-UHFFFAOYSA-N,554.6550000000002,4.104200000000003,109.67000000000002,41
RTGDFNSFWBGLEC-SYZQJQIISA-N,433.5010000000003,2.52402,94.53000000000002,31
RTHCYVBBDHJXIQ-UHFFFAOYSA-N,309.33099999999996,4.435000000000003,21.259999999999998,22
RUDATBOHQWOJDD-BSWAIDMHSA-N,392.5800000000002,4.477900000000004,77.76,28
RUEYEZADQJCKGV-UHFFFAOYSA-N,393.4400000000002,1.2595999999999992,124.09,28
RUOKEQAAGRXIBM-GFCCVEGCSA-N,171.243,1.8967,12.03,13
RUZYUOTYCVRMRZ-UHFFFAOYSA-N,451.4830000000003,1.7177999999999993,112.27000000000001,33
RVOLLAQWKVFTGE-UHFFFAOYSA-N,181.21499999999997,0.5714999999999999,33.42,13
RWTNPBWLLIMQHL-UHFFFAOYSA-N,501.66700000000014,5.510500000000006,81.0,37
RYIDHLJADOKWFM-MAODMQOUSA-N,370.4490000000002,1.2533999999999996,103.86000000000001,27
RYMZZMVNJRMUDD-HGQWONQESA-N,418.57400000000024,4.585600000000005,72.83,30
RZEKVGVHFLEQIL-UHFFFAOYSA-N,381.3790000000001,3.5139200000000006,77.98,26
RZVAJINKPMORJF-UHFFFAOYSA-N,151.165,1.3505999999999998,49.33,11
RZVPBGBYGMDSBG-GGAORHGYSA-N,571.5580000000001,3.391200000000002,99.53999999999999,40
SDEAXTCZPQIFQM-UHFFFAOYSA-N,480.53200000000027,5.093520000000003,110.85000000000001,36
SDUQYLNIPVEERB-QPPQHZFASA-N,263.2,-1.2886,110.60000000000001,18
SECKRCOLJRRGGV-UHFFFAOYSA-N,488.6140000000004,2.07042,112.9,34
SEVCTUCCZYBJER-BSJAROSPSA-N,390.5000000000002,2.3896000000000006,72.83,28
SFLSHLFXELFNJZ-QMMMGPOBSA-N,169.17999999999998,0.08989999999999998,86.71000000000001,12
SFNSLLSYNZWZQG-VQIMIIECSA-N,374.4480000000001,3.391580000000002,96.84,28
SGEGOXDYSFKCPT-UHFFFAOYSA-N,441.5350000000002,4.029580000000003,102.28999999999999,33
SGEUNORSOZVTOL-CABZTGNLSA-N,407.37700000000007,1.8184999999999996,111.71000000000001,29
SGUAFYQXFOLMHL-UHFFFAOYSA-N,328.4120000000001,2.1353999999999997,95.57999999999998,24
SHGAZHPCJJPHSC-XFYACQKRSA-N,300.44200000000006,5.602600000000005,37.3,22
SHGAZHPCJJPHSC-YCNIQYBTSA-N,300.44200000000006,5.602600000000005,37.3,22
SIFNOOUKXBRGGB-AREMUKBSSA-N,458.6460000000002,5.851800000000007,44.730000000000004,34
SJVQHLPISAIATJ-ZDUSSCGKSA-N,416.8720000000002,4.483500000000002,88.49000000000001,30
SJZRECIVHVDYJC-UHFFFAOYSA-N,104.105,-0.15650000000000003,57.53,7
SMOBCLHAZXOKDQ-ZJUUUORDSA-N,348.3810000000001,-1.142399999999997,128.28,23
SNICXCGAKADSCV-JTQLQIEISA-N,162.236,1.8483,16.130000000000003,12
SNIOPGDIGTZGOP-UHFFFAOYSA-N,227.08499999999998,-1.0200999999999996,157.11,15
SNPPWIUOZRMYNY-UHFFFAOYSA-N,239.746,3.2993000000000023,29.1,16
SNUDIPVBUUXCDG-QHSBEEBCSA-N,497.63900000000024,1.6656999999999995,108.74000000000001,33
SOLUWJRYJLAZCX-LYOVBCGYSA-N,449.3850000000003,1.6343999999999999,100.87,32
SONNWYBIRXJNDC-VIFPVBQESA-N,167.20799999999997,0.645,52.489999999999995,12
SOYCMDCMZDHQFP-UHFFFAOYSA-N,255.273,2.1269,80.39000000000001,19
SOYKEARSMXGVTM-UHFFFAOYSA-N,274.795,3.8186000000000027,16.130000000000003,19
SPMVMDHWKHCIDT-UHFFFAOYSA-N,454.8700000000003,5.6381200000000025,107.74000000000001,32
STPKWKPURVSAJF-LJEWAXOPSA-N,674.9720000000001,6.624500000000008,70.08,48
STUWGJZDJHPWGZ-LBPRGKRZSA-N,441.4790000000001,3.835020000000002,101.21,30
STZYTFJPGGDRJD-NHUWBDDWSA-N,517.7760000000004,5.251300000000007,66.84,36
SUBDBMMJDZJVOS-DEOSSOPVSA-N,345.4240000000001,2.8997400000000013,83.09,24
SUBDBMMJDZJVOS-UHFFFAOYSA-N,345.4240000000001,2.8997400000000013,83.09,24
SUDAHWBOROXANE-SECBINFHSA-N,482.196,2.4667000000000003,90.82000000000001,26
SUJUHGSWHZTSEU-FYBSXPHGSA-N,602.6750000000001,7.325500000000007,105.59000000000002,42
TTWJBBZEZQICBI-UHFFFAOYSA-N,299.8020000000001,2.0023999999999997,67.59,20
TTZHDVOVKQGIBA-IQWMDFIBSA-N,529.4580000000002,1.6565000000000003,158.17999999999995,36
TXEIIPDJKFWEEC-UHFFFAOYSA-N,308.12000000000006,4.4998000000000005,63.33,20
TYZROVQLWOKYKF-ZDUSSCGKSA-N,337.35100000000006,1.1235999999999997,71.11,24
TZFNLOMSOLWIDK-JTQLQIEISA-N,226.232,-0.05310000000000015,115.81000000000002,16
UBPYILGKFZZVDX-UHFFFAOYSA-N,530.4560000000004,5.190380000000005,82.88,36
UBQNRHZMVUUOMG-UHFFFAOYSA-N,212.23000000000002,0.6163,86.19000000000001,14
UBZPNQRBUOBBLN-PWRODBHTSA-N,499.5200000000002,-0.279899999999998,149.18,36
UCFGDBYHRUNTLO-QHCPKHFHSA-N,421.4530000000002,1.8468000000000002,104.89,31
UCJGJABZCDBEDK-UHFFFAOYSA-N,470.6130000000003,6.331020000000006,57.86,35
UCTWMZQNUQWSLP-VIFPVBQESA-N,183.207,0.35060000000000013,72.72,13
UEJJHQNACJXSKW-UHFFFAOYSA-N,258.23299999999995,0.08779999999999993,83.55000000000001,19
UFSKUSARDNFIRC-UHFFFAOYSA-N,452.41300000000024,4.747020000000004,97.75000000000001,33
UGJMXCAKCUNAIE-UHFFFAOYSA-N,171.23999999999992,1.3702999999999994,63.32000000000001,12
UHSKFQJFRQCDBE-UHFFFAOYSA-N,260.3809999999999,2.845700000000001,32.34,19
UHTHHESEBZOYNR-UHFFFAOYSA-N,475.36200000000036,5.004200000000005,59.51,30
UIAGMCDKSXEBJQ-UHFFFAOYSA-N,418.44600000000014,2.9708000000000014,117.0,30
UJLAWZDWDVHWOW-YPMHNXCESA-N,312.377,1.5447799999999996,88.91,23
UJVDJAPJQWZRFR-DHIUTWEWSA-N,474.56500000000017,1.8447999999999996,144.89999999999998,35
ULFRLSNUDGIQQP-UHFFFAOYSA-N,269.35200000000003,1.9118000000000002,49.74,20
ULXXDDBFHOBEHA-CWDCEQMOSA-N,485.94700000000023,4.389900000000002,88.61000000000001,34
UPNUIXSCZBYVBB-JVFUWBCBSA-N,424.5410000000002,3.051400000000001,89.87,31
UQCNKQCJZOAFTQ-ISWURRPUSA-N,301.342,0.7451999999999999,70.0,22
UQRORFVVSGFNRO-UTINFBMNSA-N,219.28099999999998,-1.4542999999999995,84.16000000000001,15
UREBDLICKHMUKA-CXSFZGCWSA-N,392.4670000000002,1.8957000000000002,94.83,28
UREBDLICKHMUKA-DVTGEIKXSA-N,392.4670000000002,1.8957000000000002,94.83,28
URKOMYMAXPYINW-UHFFFAOYSA-N,383.51700000000017,2.8560000000000016,48.300000000000004,27
USUZGMWDZDXMDG-CYBMUJFWSA-N,227.242,2.42948,41.61,17
USZAGAREISWJDP-UHFFFAOYSA-N,251.04999999999998,1.5682799999999997,62.480000000000004,19
UTNUDOFZCWSZMS-YFHOEESVSA-N,270.21,2.99948,73.11999999999999,19
UVSMNLNDYGZFPF-UHFFFAOYSA-N,273.248,-0.3299999999999998,109.57,20
UWKQSNNFCGGAFS-XIFFEERXSA-N,586.6890000000004,4.0911000000000035,114.2,43
UXNXMBYCBRBRFD-MUUNZHRXSA-N,562.571,5.7018800000000045,108.76,41
UZHSEJADLWPNLE-GRGSLBFTSA-N,327.3800000000001,1.3014,70.0,24
UZWDCWONPYILKI-UHFFFAOYSA-N,506.6050000000003,4.936920000000004,75.0,37
VCKUSRYTPJJLNI-UHFFFAOYSA-N,387.44000000000017,1.0567999999999995,103.04,28
VCSUIBJKYCVWNF-NRFANRHFSA-N,617.776,4.5507000000000035,131.34000000000003,44
VDANGULDQQJODZ-UHFFFAOYSA-N,270.76,2.4208,55.56,18
VERWOWGGCGHDQE-UHFFFAOYSA-N,558.1480000000001,6.361920000000006,105.24000000000001,38
VFBILHPIHUPBPZ-UHFFFAOYSA-N,446.4500000000001,5.058900000000005,82.82000000000001,32
VFCRKLWBYMDAED-REWPJTCUSA-N,489.65500000000026,4.786400000000004,70.98,35
VGKDLMBJGBXTGI-SJCJKPOMSA-N,306.236,5.179600000000004,12.03,20
VGYFMXBACGZSIL-MCBHFWOFSA-N,421.4680000000001,4.518100000000003,90.65,31
VHGCDTVCOLNTBX-QGZVFWFLSA-N,255.361,3.7246200000000034,21.259999999999998,19
VIKNJXKGJWUCNN-XGXHKTLJSA-N,298.42600000000004,3.4925000000000024,37.3,22
VJJPUSNTGOMMGY-MRVIYFEKSA-N,588.5620000000004,1.3385999999999993,160.83,42
VKHAHZOOUSRJNA-GCNJZUOMSA-N,429.6040000000001,5.406500000000006,40.54,32
VLCYCQAOQCDTCN-UHFFFAOYSA-N,182.17,-0.22749999999999942,89.34,12
VMWNQDUVQKEIOC-CYBMUJFWSA-N,267.328,2.8499000000000025,43.7,20
VNFPBHJOKIVQEB-UHFFFAOYSA-N,344.845,5.376700000000004,17.82,25
VOBHXZCDAVEXEY-JSGCOSHPSA-N,263.38499999999993,1.1901,81.14,19
VOVIALXJUBGFJZ-KWVAZRHASA-N,430.5410000000002,2.7168000000000014,93.06,31
VOVZXURTCKPRDQ-CQSZACIVSA-N,449.8450000000002,3.462900000000001,103.37,31
VPJXQGSRWJZDOB-UHFFFAOYSA-O,147.19799999999998,-0.2121000000000003,52.32,10
VPMRSLWWUXNYRY-PJCFOSJUSA-N,403.47800000000024,3.7150000000000025,48.00000000000001,30
VPPJLAIAVCUEMN-GFCCVEGCSA-N,250.298,0.4539000000000007,67.42999999999999,18
VREFGVBLTWBCJP-UHFFFAOYSA-N,308.77200000000005,3.5801200000000017,43.07,22
VSNHCAURESNICA-UHFFFAOYSA-N,76.05499999999999,-0.9561000000000002,75.35000000000001,5
VSWBSWWIRNCQIJ-HUUCEWRRSA-N,285.77400000000006,4.258500000000003,12.47,20
VTRAEEWXHOVJFV-UHFFFAOYSA-N,446.5110000000001,3.656600000000002,129.81,33
VUDZSIYXZUYWSC-DBRKOABJSA-N,268.216,-1.5664999999999996,102.26,18
VWMJHAFYPMOMGF-ZCFIWIBFSA-N,506.2970000000001,3.9792000000000014,135.78000000000003,32
VWUXBMIQPBEWFH-WCCTWKNTSA-N,606.7820000000003,8.682600000000003,63.519999999999996,41
VWVSBHGCDBMOOT-IIEHVVJPSA-N,376.4680000000002,2.7808000000000015,74.6,27
VYFYYTLLBUKUHU-UHFFFAOYSA-N,153.18099999999998,0.5989999999999998,66.48,11
VZZJRYRQSPEMTK-CALCHBBNSA-N,485.5060000000001,5.821520000000005,63.69000000000001,35
WAEXFXRVDQXREF-UHFFFAOYSA-N,264.32500000000005,2.4711,78.43,19
WANIDIGFXJFFEL-SANMLTNESA-N,586.571,4.062100000000003,102.98,41
WAXQNWCZJDTGBU-UHFFFAOYSA-N,578.6010000000003,6.787020000000006,39.68,41
WBFUHHBPNXWNCC-UHFFFAOYSA-N,292.31,2.875440000000001,75.21,21
WBGKWQHBNHJJPZ-LECWWXJVSA-N,416.51400000000024,2.326700000000001,93.06,30
WCWSTNLSLKSJPK-LKFCYVNXSA-N,405.35700000000014,0.9626999999999997,100.86999999999999,29
WDENQIQQYWYTPO-IBGZPJMESA-N,465.5170000000001,3.3126000000000015,118.50999999999999,35
WEAJZXNPAWBCOA-INIZCTEOSA-N,483.96000000000015,2.4318,125.39000000000001,34
WEQLWGNDNRARGE-DJIMGWMZSA-N,319.4450000000001,3.0299000000000014,41.93,23
WGFOBBZOWHGYQH-MXHNKVEKSA-N,390.4670000000003,4.309900000000003,83.83,27
WIGIZIANZCJQQY-RUCARUNLSA-N,490.6260000000003,3.0740000000000016,124.68,34
WIJZXSAJMHAVGX-DHLKQENFSA-N,582.9700000000001,4.324580000000004,119.28999999999999,41
WINHZLLDWRZWRT-ATVHPVEESA-N,398.48200000000014,3.3349400000000013,77.23,29
WJBLNOPPDWQMCH-MBPVOVBZSA-N,339.4350000000001,2.512500000000001,52.93000000000001,25
WJOHZNCJWYWUJD-IUGZLZTKSA-N,494.53100000000023,2.9376000000000015,99.13000000000001,35
WMDSZGFJQKSLLH-RBBKRZOGSA-N,509.60000000000036,0.6850000000000034,127.82000000000001,36
WOSKHXYHFSIKNG-UHFFFAOYSA-N,426.8600000000003,4.071900000000002,115.57,30
WOXKDUGGOYFFRN-IIBYNOLFSA-N,389.4110000000002,2.2112999999999996,74.87,29
WPVFJKSGQUFQAP-GKAPJAKFSA-N,354.3670000000001,-1.4366999999999974,171.37,25
WRFHGDPIDHPWIQ-UHFFFAOYSA-N,592.7620000000001,6.539440000000007,114.10000000000001,42
WSEQXVZVJXJVFP-FQEVSTJZSA-N,324.39900000000006,3.812980000000003,36.26,24
WSEQXVZVJXJVFP-UHFFFAOYSA-N,324.39900000000006,3.812980000000003,36.26,24
WSNODXPBBALQOF-VEJSHDCNSA-N,452.5380000000002,4.683000000000005,75.99000000000001,32
WTDRDQBEARUVNC-LURJTMIESA-N,197.18999999999997,0.052200000000000135,103.78000000000002,14
WVLHHLRVNDMIAR-IBGZPJMESA-N,349.4820000000002,3.5764000000000022,70.83,26
WVLOADHCBXTIJK-YNHQPCIGSA-N,285.34299999999996,1.6302999999999999,49.77,21
WWSWYXNVCBLWNZ-QIZQQNKQSA-N,458.4730000000001,3.5604000000000027,107.22000000000001,32
WWYNJERNGUHSAO-XUDSTZEESA-N,312.4530000000001,3.8826000000000036,37.3,23
WXCXUHSOUPDCQV-UHFFFAOYSA-N,464.44400000000013,3.992480000000003,76.44,32
WXXSNCNJFUAIDG-UHFFFAOYSA-N,422.42400000000015,2.4426999999999994,138.07000000000002,31
WYQFJHHDOKWSHR-MNOVXSKESA-N,380.374,2.9079000000000006,78.32,27
WYQPLTPSGFELIB-JTQPXKBDSA-N,508.5580000000002,3.5195000000000025,106.97000000000001,36
WYWIFABBXFUGLM-UHFFFAOYSA-N,260.3809999999999,2.850740000000001,44.620000000000005,19
WZOZEZRFJCJXNZ-ZBFHGGJFSA-N,427.4600000000002,0.09859999999999991,148.26000000000002,28
XAYGBKHKBBXDAK-UHFFFAOYSA-N,450.56400000000036,3.203400000000001,82.60999999999999,32
XDXWLKQMMKQXPV-QYQHSDTDSA-N,442.47500000000014,4.564840000000005,114.59,33
XEDHVZKDSYZQBF-UHFFFAOYSA-N,377.3660000000001,3.2757000000000014,62.300000000000004,27
XFALPSLJIHVRKE-GFCCVEGCSA-N,370.34400000000005,1.3957,106.26000000000002,27
XFYDIVBRZNQMJC-UHFFFAOYSA-N,253.718,1.7157999999999993,62.2,16
XGALLCVXEZPNRQ-UHFFFAOYSA-N,446.9100000000004,4.275600000000003,68.74000000000001,31
XHOLNRLADUSQLD-UHFFFAOYSA-N,451.91400000000016,4.135170000000002,107.41000000000001,32
XIQVNETUBQGFHX-UHFFFAOYSA-N,357.4940000000002,3.342900000000002,49.769999999999996,26
XJGVXQDUIWGIRW-UHFFFAOYSA-N,327.8150000000001,3.7714000000000025,28.07,23
XKLMZUWKNUAPSZ-UHFFFAOYSA-N,427.5450000000002,2.30804,74.27,31
XMAYWYJOQHXEEK-ZEQKJWHPSA-N,531.4399999999999,4.205800000000003,69.06,36
XMXHEBAFVSFQEX-UHFFFAOYSA-N,426.4880000000001,4.826600000000004,64.80000000000001,31
XOFYZVNMUHMLCC-ZPOLXVRWSA-N,358.43400000000014,1.7658,91.67,26
XPIJWUTXQAGSLK-UHFFFAOYSA-N,363.41700000000014,3.7551400000000026,84.22,27
XPOQHMRABVBWPR-ZDUSSCGKSA-N,315.67799999999994,4.073100000000001,38.33,21
XQSPYNMVSIKCOC-NTSWFWBYSA-N,247.25099999999998,-0.4550000000000003,90.37,16
XRQDFNLINLXZLB-CKIKVBCHSA-N,328.413,-0.1394299999999976,148.53000000000003,23
XRVDGNKRPOAQTN-FQEVSTJZSA-N,404.4700000000001,3.631680000000002,104.19999999999999,30
XSFJVAJPIHIPKU-XWCQMRHXSA-N,434.50400000000025,2.2747000000000006,93.06,31
XTNGUQKDFGDXSJ-ZXGKGEBGSA-N,444.52400000000017,2.968320000000001,90.15,31
XUBOMFCQGDBHNK-UHFFFAOYSA-N,375.40000000000015,1.9804,83.80000000000001,27
XUFQPHANEAPEMJ-UHFFFAOYSA-N,337.4560000000001,-0.15785999999999956,170.83,20
XUKUURHRXDUEBC-KAYWLYCHSA-N,558.6500000000003,6.313600000000008,111.79,41
XUZMWHLSFXCVMG-UHFFFAOYSA-N,371.4260000000001,1.09568,120.55999999999999,26
XWLUWCNOOVRFPX-UHFFFAOYSA-N,362.2780000000001,1.5488,116.17000000000002,25
XWLXKKNPFMNSFA-HGQWONQESA-N,436.5890000000002,4.105700000000003,104.06000000000002,31
XXSMGPRMXLTPCZ-UHFFFAOYSA-N,335.8790000000001,3.783000000000002,48.39,23
XYFPWWZEPKGCCK-GOSISDBHSA-N,440.5070000000002,4.2173000000000025,99.16,33
XYLJNLCSTIOKRM-UHFFFAOYSA-N,292.14000000000004,1.7633999999999999,62.2,17
XZWYZXLIPXDOLR-UHFFFAOYSA-N,129.167,-1.034159999999999,88.99000000000001,9
XZXHXSATPCNXJR-ZIADKAODSA-N,539.6360000000004,3.6159000000000026,94.21999999999997,40
YALNUENQHAQXEA-UHFFFAOYSA-N,421.49700000000007,4.549300000000003,90.9,31
YASAKCUCGLMORW-UHFFFAOYSA-N,357.435,2.490900000000001,71.53,25
YBBLVLTVTVSKRW-UHFFFAOYSA-N,293.374,2.9287600000000014,78.28999999999999,22
YBSJFWOBGCMAKL-UHFFFAOYSA-N,471.52100000000024,2.985970000000001,150.21999999999997,35
YFGHCGITMMYXAQ-LJQANCHMSA-N,273.357,2.01,66.15,19
YHGSTSNEOJUIRN-UHFFFAOYSA-N,478.5340000000001,2.549900000000001,130.31,34
YIBOMRUWOWDFLG-ONEGZZNKSA-N,366.4280000000001,4.989100000000003,97.42,28
YIMYDTCOUQIDMT-SNAWJCMRSA-N,255.2259999999999,-0.592200000000001,89.98000000000002,18
YIQPUIGJQJDJOS-UHFFFAOYSA-N,502.7960000000004,0.41580000000000644,78.66,36
YKPUWZUDDOIDPM-SOFGYWHQSA-N,305.418,3.789600000000003,58.56,22
YLXDSYKOBKBWJQ-LBPRGKRZSA-N,259.34899999999993,2.5676000000000005,38.33,19
YMARZQAQMVYCKC-OEMFJLHTSA-N,505.63700000000034,2.4028,131.19,35
YMDXZJFXQJVXBF-STHAYSLISA-N,138.059,-0.09110000000000007,70.06,8
YMTINGFKWWXKFG-UHFFFAOYSA-N,360.837,4.680000000000004,52.6,25
YQEZLKZALYSWHR-ZDUSSCGKSA-N,237.7299999999999,2.897800000000001,29.1,16
YQNQNVDNTFHQSW-UHFFFAOYSA-N,307.28700000000003,2.2289000000000003,111.43,21
YQNWZWMKLDQSAC-UHFFFAOYSA-N,298.4550000000001,3.8642400000000023,15.27,21
YREYEVIYCVEVJK-UHFFFAOYSA-N,359.451,2.989420000000001,83.09,25
YTAOBBFIOAEMLL-REQDGWNSSA-N,354.28700000000003,5.060880000000003,41.61,21
YTFHCXIPDIHOIA-DHZHZOJOSA-N,414.54900000000015,6.149000000000006,55.120000000000005,31
YWGDOWXRIALTES-NRFANRHFSA-N,388.8950000000002,4.170200000000004,62.66,27
YWPHCCPCQOJSGZ-UHFFFAOYSA-N,237.29899999999992,1.4525,39.72,17
YXRDKMPIGHSVRX-OOJCLDBCSA-N,529.7860000000004,4.407500000000003,59.00000000000001,38
ZAFYATHCZYHLPB-UHFFFAOYSA-N,307.39700000000005,3.2488400000000013,37.61000000000001,23
ZBBHBTPTTSWHBA-UHFFFAOYSA-N,479.5330000000002,3.677800000000002,111.00999999999999,35
ZBGXUVOIWDMMJE-QHNZEKIYSA-N,492.5910000000001,5.6295000000000055,77.52,36
ZBMZVLHSJCTVON-UHFFFAOYSA-N,272.37,1.0895000000000001,78.43,18
ZBNZXTGUTAYRHI-UHFFFAOYSA-N,488.01700000000034,3.3135400000000015,106.50999999999999,33
ZBPLOVFIXSTCRZ-UHFFFAOYSA-N,334.169,2.889400000000001,80.39000000000001,20
ZCVMWBYGMWKGHF-UHFFFAOYSA-N,309.4340000000001,4.014400000000004,20.310000000000002,22
ZEUITGRIYCTCEM-KRWDZBQOSA-N,297.423,4.630900000000003,21.259999999999998,21
ZFMITUMMTDLWHR-UHFFFAOYSA-N,209.25300000000001,-0.13029999999999975,95.11,15
ZGLHBRQAEXKACO-XJRQOBMKSA-N,428.65700000000027,5.726700000000008,60.69,31
ZIAOVIPSKUPPQW-UHFFFAOYSA-N,425.7540000000001,2.654580000000001,105.69999999999999,29
ZISJNXNHJRQYJO-CMDGGOBGSA-N,254.329,4.391600000000004,40.46,19
ZKIAIYBUSXZPLP-UHFFFAOYSA-N,433.5770000000001,4.724000000000004,48.57,31
ZKLPARSLTMPFCP-OAQYLSRUSA-N,388.8950000000002,3.148200000000002,53.010000000000005,27
ZKLPARSLTMPFCP-UHFFFAOYSA-N,388.8950000000002,3.148200000000002,53.010000000000005,27
ZPMNHBXQOOVQJL-UHFFFAOYSA-N,367.8770000000003,2.0877999999999997,76.82000000000001,25
ZPUCINDJVBIVPJ-LJISPDSOSA-N,303.35800000000006,1.8677,55.84,22
ZRVUJXDFFKFLMG-UHFFFAOYSA-N,351.4090000000001,1.95092,99.59999999999998,23
ZSBOMTDTBDDKMP-OAHLLOKOSA-N,339.39900000000006,0.3944800000000006,97.05000000000001,25
ZSKVGTPCRGIANV-ZXFLCMHBSA-N,299.35200000000003,-0.17602999999999924,113.72,20
ZSWMIFNWDQEXDT-ZESJGQACSA-N,487.4440000000002,1.2026999999999999,143.30999999999997,35
ZVHNDZWQTBEVRY-UHFFFAOYSA-N,414.4690000000002,2.9771800000000015,103.17,31
ZWUQVNSJSJHFPS-XFXZXTDPSA-N,349.4270000000001,2.861000000000002,57.61,24
ZYTXTXAMMDTYDQ-DGEXFFLYSA-N,356.4620000000001,2.752900000000001,74.6,26
ZZUFCTLCJUWOSV-UHFFFAOYSA-N,330.749,1.8907,122.63000000000001,21
ZZVUWRFHKOJYTH-UHFFFAOYSA-N,255.36100000000002,3.3542000000000023,12.47,19
